3.224085406451613
2.524354212903226
2.4660516419354837
2.5287885032258064
2.296107148387097
2.357500264516129
2.424027293548387
2.7115858387096776
2.3386506354838708
2.181876051612903
2.088313019354839
2.174141164516129
2.0269179032258067
2.02808044516129
2.0463603290322583
2.0974618516129033
2.043452435483871
1.7419481838709678
1.7713730967741936
1.938458870967742
1.801366135483871
1.809675139375
1.7460328491666666
1.6967766008333334
1.684502065
1.67895943125
1.71961144
1.7192138022916668
1.6539687445833333
1.5881382722916666
1.5497291991666666
1.5393245177083332
1.5039327558333333
1.4596496610416667
1.4694080585416667
1.43406482
1.39423619
1.292435991875
1.282473745
1.2586404495833334
1.26008671875
1.2814845310416667
1.2576542702083333
1.245274395
1.2377293414583332
1.2307803047916666
1.240838743125
1.2185884516666667
1.1974445
1.18959824625
1.2245674995833333
1.1723575516666667
1.1620791560416666
1.1187082720833332
1.145417643125
1.1526580991666666
1.1932523580645162
1.407379577419355
1.5101764967741935
1.827238864516129
1.940294177419355
1.8922273322580645
1.9691362903225806
2.0112957677419354
2.1353432193548385
2.085073916129032
2.447195664516129
2.563083587096774
2.5277386096774195
2.6340574258064517
2.8589320806451615
2.8802083516129033
2.869625448387097
2.825457964516129
2.970602112903226
3.040912422580645
2.8449341193548388
2.6883245967741933
2.8374169032258063
2.8291795612903226
2.755749870967742
2.702335970967742
2.6436410516129034
2.6985173258064514
2.649318409677419
2.753083787096774
2.7848999870967743
2.686147535483871
2.6323773903225804
2.6838257322580645
2.6461662
2.5627012258064514
2.5455838774193547
2.422164229032258
2.4924881387096773
2.6341426806451613
2.605621093548387
2.4253409258064518
2.5694678322580646
2.4153303193548386
2.3221190032258066
2.422642735483871
2.280623048387097
2.114559238709677
2.0714450967741938
2.134902619354839
2.098290258064516
2.3530021225806452
2.167512580645161
2.272703870967742
2.2598528548387096
2.075138583870968
1.9005644387096774
1.8889548580645161
2.0499019838709676
2.0562296387096772
2.170867777419355
2.074995277419355
1.9342879516129032
1.7086389548387098
1.6674505654166667
1.6527927610416666
1.6423382791666667
1.5789857414583333
1.4844532354838709
1.5669791516129032
1.5117337387096774
1.4750173385416667
1.4714122341666667
1.4629745225806452
1.4712430580645162
1.427201371875
1.4240016141666667
1.3761150539583333
1.3653684272916666
1.3347692333333334
1.3052022829166667
1.3048594704166667
1.260736481875
1.2417776060416668
1.1802377316666666
1.13923153625
1.1252099410416667
1.1433166566666666
1.1282993814583333
1.1682542903225805
1.0771901133333333
1.078212094375
1.1022546983333332
1.1122125408333334
1.033845049375
1.0448962277083333
1.0400775833333333
1.035997489375
1.2221459774193548
1.4671704580645162
1.4922174967741935
1.514731777419355
1.5357927451612903
1.647652522580645
1.746336035483871
1.6974179064516128
1.5386268
1.3787937741935483
1.4214898064516128
1.6026306806451613
1.6465957258064516
1.667086035483871
1.5587884258064517
1.5801289129166667
1.6657442967741936
2.017020841935484
1.8632863709677419
1.7010187110416666
1.705471455
1.7216855889583333
1.8189775774193548
1.7483520193548387
1.7375521077083333
1.71321250875
2.0166401032258063
1.9787569129032259
2.015610164516129
1.890193206451613
1.971836664516129
1.9925148967741935
2.095530212903226
1.9452570387096775
1.8571196161290322
1.7629162741935485
1.6865485314583333
1.756806106451613
1.7138526774193548
1.6868083204166666
1.7540813358333334
1.770829573125
1.7395727197916666
1.7223700754166666
1.727505255
1.7421058439583332
1.7578561997916666
1.7731386866666667
1.7606884045833333
1.7018790139583333
1.682062378125
1.7064366754166667
1.704383731875
1.680376670625
1.6714839291666668
1.6807006558333333
1.649750274375
1.645356433125
1.6231444033333333
1.676460934375
1.632391986875
1.6457484827083333
1.8766215258064516
1.5998766891666667
1.5871315564583333
1.4817033525
1.4942839129032257
1.5822126910416667
1.577908081875
1.541711874375
1.507950046875
1.4883333589583334
1.4577653272916666
1.4259622575
1.3999046995833333
1.3802396172916667
1.4064947466666666
1.3807934602083334
1.3475112741666666
1.3725279325
1.3510502008333334
1.3156940060416666
1.299211379375
1.293022870625
1.28438035875
1.2149315920833332
1.2613182654166666
1.252981253125
1.222601841875
1.1695358789583334
1.148502315625
1.130386335
1.1290772235416666
1.113216644375
1.0878499341666668
1.0968785314583334
1.1264064379166667
1.1256151354166666
1.1182183091666666
1.1524087945833332
1.1596515110416667
1.1742602660416666
1.1908598541666666
1.1640211733333334
1.2019164902083332
1.2076621191666668
1.1893385991666667
1.3024075806451614
1.3041126580645162
1.294376306451613
1.3908176483870969
1.37047835
1.356931418125
1.3862380758333332
1.39354805875
1.4078901489583333
1.4716279677419355
1.4957784020833333
1.4628370008333333
1.4783957129166667
1.5094041525
1.5632642420833334
1.545968030625
1.5377529470833333
1.5330964475
1.6187951741935485
1.5815743135416667
1.5964877247916667
1.6062101470833334
1.6725878075
1.6313847914583333
1.6290418685416668
1.66968019375
1.6752319889583334
1.61354145
1.7081301451612902
1.628169111875
1.635516945625
1.6331021054166666
1.6431308116666667
1.6416552214583333
1.6624242752083334
1.60558596625
1.6312854025
1.59056318625
1.5810814704166667
1.5983240735416666
1.6104712933333334
1.578747603125
1.5759253914583333
1.642648078125
1.6350714654166667
1.6118689095833334
1.5823272622916666
1.5951320122916666
1.5402922572916666
1.6231169967741936
1.5483782783333333
1.5516649604166666
1.5697506822916667
1.5491199097916666
1.5316263275
1.5200759922916667
1.4764901758333333
1.479909610625
1.4566352308333332
1.5479903179166667
1.4701192310416666
1.3885269935416666
1.396939109375
1.3638438802083332
1.3536487652083333
1.3761730785416666
1.3240824929166666
1.274015965
1.2413386395833332
1.2227625229166668
1.198668420625
1.1667162914583333
1.1297671114583334
1.1286359964583332
1.145691794375
1.08983541375
1.070300823125
1.0810952702083334
1.0697028041666667
1.1201641695833333
1.1266394460416667
1.1171416452083334
1.0672389952083334
1.360989870967742
1.4925728451612903
1.4707099516129032
1.7321880677419355
1.7818341032258065
2.0115317612903225
2.2058327419354837
2.5652350677419355
2.6994491354838708
2.7055954
2.5823130483870966
2.7503808741935485
2.771430058064516
2.699565590322581
2.735377106451613
2.6510405419354837
2.8756873612903227
3.1653962935483873
3.041806858064516
2.9938972741935483
2.981628516129032
3.067402422580645
3.0966209193548386
3.0329128870967743
2.920982729032258
2.8982061645161292
3.000459280645161
3.1127259161290324
3.171531664516129
3.1759148096774195
3.1808627967741936
3.1572695967741935
3.207513329032258
3.054101558064516
2.8172033903225806
2.8973133612903226
2.9157751741935485
2.855494712903226
2.4817851451612905
2.5957876967741935
2.6110022483870967
2.28200524516129
2.155338690322581
2.230283370967742
2.2100685903225807
2.0525604516129032
2.005535141935484
2.080188322580645
1.9511526193548387
1.860963841935484
1.7731500064516128
1.802912896875
1.8033429258064515
1.8727455548387097
1.7734581903225806
1.7720628297916667
1.774965558064516
1.9594612451612903
1.9029874548387096
1.8576024677419354
1.754349851875
1.8661178141666668
1.7431615404166667
1.65801309625
1.6103519185416666
1.579578865
1.5600866122916666
1.5461895387096773
1.6149114064516128
1.6290831419354839
1.4714786102083333
1.4510101825
1.444533395625
1.425017584375
1.4689830195833333
1.4106612029166667
1.3072656302083334
1.2869191191666667
1.3374216277083333
1.3221885060416667
1.29413801875
1.2952378208333333
1.2999261139583334
1.3400921447916667
1.242265424375
1.2392208641666667
1.211500759375
1.233876925625
1.19922177125
1.1501646285416667
1.1400914179166666
1.1349667108333332
1.1373759633333334
1.119349565625
1.0788503664583333
1.118083425
1.224400306451613
1.297754906451613
1.5029039838709677
1.6546056064516128
1.6511363161290322
1.830793764516129
1.730935922580645
1.8697205032258064
1.8901362516129032
1.9415109516129032
2.104596864516129
2.3954792258064517
2.6515435322580645
2.484312477419355
2.516561283870968
2.5935772645161292
2.5354918161290323
2.4049306129032257
2.536616083870968
2.6854372032258063
2.6836802580645163
2.771677835483871
2.656089570967742
2.6777576516129034
2.7939350709677417
2.9627128709677417
2.697942135483871
2.834883229032258
2.882944641935484
2.9931314419354837
3.0366673258064516
2.8858046387096774
2.908416316129032
2.8918143
2.7427631677419355
2.756707977419355
2.8786474838709677
2.794595341935484
2.7612489258064516
2.7795023258064515
2.7364990032258065
2.765370319354839
2.6390913903225806
2.522584564516129
2.5426805322580646
2.5576621677419356
2.3376408322580646
2.313577106451613
2.3315179741935483
2.2476568387096774
2.189740258064516
2.273405135483871
2.267655029032258
2.227306193548387
2.0284658967741938
1.8643104597916667
1.899652514375
2.0286217193548386
1.9664703838709678
2.1021417387096775
1.928848941935484
1.984218366875
2.0373161125
1.913658118125
1.8610797860416666
1.876641156875
1.8626844629166666
1.8592674516666667
1.8484527966666666
1.81274896375
1.8304247358333334
1.7488280816666666
1.7260111322916667
1.6941823360416666
1.6660522697916667
1.6555744635416667
1.6160161054166666
1.5807187545833334
1.5122187141666668
1.478263780625
1.492245426875
1.44529869125
1.3487935589583333
1.3131853891666667
1.31899411375
1.3855320229166668
1.356736985625
1.3398136352083334
1.2922646977083334
1.3235596710416666
1.32067435125
1.32292154
1.2874381570833333
1.277498824375
1.2905220445833334
1.312223565
1.32014153625
1.3033461708333334
1.3983031225806453
1.636712993548387
1.9022462903225807
1.8894600193548388
2.0780606064516127
2.174336706451613
2.292218670967742
2.587063141935484
2.7337654419354838
2.800920635483871
2.909441177419355
2.8446282967741934
2.8022594741935483
2.9561989225806453
2.9878627516129033
3.022198116129032
2.9679160677419354
2.926514806451613
2.8254666677419356
2.8913027806451614
2.974211241935484
2.8443658258064515
2.9563331516129034
2.9228167806451615
2.918436361290323
2.9944363709677417
2.923962806451613
2.998813335483871
3.023278470967742
2.9666198483870967
3.086465187096774
3.083965612903226
3.084951293548387
2.823103864516129
2.7744190096774193
2.7219677677419356
2.811493377419355
2.886356064516129
2.6772566451612905
2.7522448516129034
2.584259009677419
2.482082635483871
2.4203149451612904
2.3576323161290325
2.442250951612903
2.4887182838709676
2.3710940838709678
2.206844361290323
2.237051441935484
2.0376074774193547
2.145850858064516
2.0870144451612904
2.1626306258064516
2.0487650258064516
1.9974139129032258
1.9059608193548387
2.019080541935484
2.1774477387096773
1.8933301903225805
1.970216628125
2.0805308714583335
1.9563022247916666
1.913017664516129
1.7966791808333333
1.7958553804166666
1.85959016125
1.75461299125
1.7169538325
1.6309848225
1.63929665875
1.601444195
1.547782813125
1.49840478875
1.4911593435416666
1.49898868125
1.4611246064583334
1.42315801625
1.36692367875
1.3890176004166668
1.3473515895833332
1.3765194635416667
1.318976400625
1.3241536022916667
1.3299667091666667
1.2913738308333333
1.2949399245833333
1.2938207460416666
1.2461262391666668
1.2602742260416666
1.2277317035416666
1.2244266285416667
1.2269891108333333
1.1977416354166666
1.191528876875
1.2006517789583333
1.2629745339583334
1.3052585129032257
1.5422375709677418
2.331549351612903
2.202906
1.9749667516129032
1.7760388419354838
1.7954799870967741
1.8133270612903225
2.131384174193548
1.9040320838709677
2.026967429032258
1.8173856935483872
2.121666141935484
2.1039590967741937
2.100614429032258
2.055483025806452
2.2046212193548387
2.026333464516129
1.9572236064516129
1.8360686193548388
1.8437728483870968
1.975689777419355
2.048212690322581
2.1619808774193547
1.9092536193548386
1.8675771806451613
1.8884304483870968
1.9225069580645162
1.7632600096774194
1.7692925379166666
1.7700538387096774
1.8070186345833332
1.7540891025
1.7192129741935485
1.7284633774193547
1.7978792516129032
1.8490584096774194
1.7653627
1.8119558102083333
1.807567088125
1.8092537685416668
1.748525358125
1.7740379883333333
1.7196316360416666
1.719116089375
1.736024585625
1.7816932777083334
1.792881613125
1.810051456875
1.8194121820833333
1.7909838554166666
1.8200782179166666
1.830231569375
1.7773929216666666
1.7834137329166666
1.8088002520833333
1.7617373520833333
1.7623360041666667
1.8406607954166667
1.8828114372916667
1.8336242364583333
1.7887370416666666
1.7938211797916668
1.7997631608333333
1.761421811875
1.7798534964583332
1.7124801902083333
1.6721918108333333
1.6733954885416666
1.6455643485416667
1.58907838875
1.606213929375
1.5656029229166666
1.5387696785416667
1.5159397483333332
1.4950171485416666
1.4860613333333332
1.4237831554166667
1.3883939364583333
1.320272625625
1.3297402014583333
1.34981881875
1.3306410391666668
1.32554549
1.3503612160416667
1.3591078597916666
1.3127374722916667
1.309666858125
1.277668068125
1.2713431402083333
1.260558674375
1.2268124510416667
1.239282063125
1.2440077145833333
1.2428864995833333
1.25422650625
1.3141796164583333
1.33163530125
1.3235653995833334
1.32378570875
1.361202745
1.406549805625
1.4223397335416668
1.4590639410416666
1.536991481875
1.563669329375
1.5915514516666667
1.6071248525
1.7084495683333334
1.7554865316666666
1.7849435160416667
1.776296259375
1.77242686875
1.7870786172916666
1.8115332558333332
1.834757144375
1.8221201389583332
1.7976057902083333
1.8247604552083334
1.8890105947916667
1.8865924264583334
1.9009950589583333
1.871130679375
1.868972300625
1.89774584
1.876482924375
1.8673756952083334
1.8714580385416666
1.8524404489583333
1.901227388125
1.9603660116666666
1.9480009195833334
1.862170918125
1.8684183179166667
1.8544122454166667
1.7969474970833332
1.9382195375
1.9005478327083334
1.9091647708333332
1.808120275625
1.9487261158333333
1.9074504325
1.8903474108333334
1.8480051608333334
1.932434793125
1.935131866875
1.8872530752083334
1.8582230258333334
1.873701784375
1.8604598945833333
1.8768531483333333
1.92482596375
1.9680842454166667
1.9301768264583334
1.9640065766666666
2.0806730322916667
1.985791541875
1.9147942120833332
1.936309946875
1.9267375933333333
1.9735433522916668
1.9211122289583333
1.8499910147916667
1.8113095729166666
1.7896468627083333
1.6926516160416667
1.6124282466666666
1.5858664822916666
1.5558058433333333
1.50681028625
1.4497878208333332
1.4408655704166666
1.38241094125
1.3566118010416666
1.3459683583333333
1.3474001472916666
1.3429577835416666
1.3135898325
1.3352239104166668
1.3698981725
1.342969029375
1.2510060833333334
1.2299496052083334
1.1839173185416667
1.2034981010416668
1.2031174966666667
1.2059884897916666
1.232996613125
1.1883215970833334
1.18530517625
1.1831116295833333
1.175940701875
1.1630756325
1.145999461875
1.2053046941666667
1.29211555625
1.3093960452083333
1.341235724375
1.3810854995833333
1.3973014145833333
1.4662992185416666
1.527410071875
1.5865661975
1.6148423375
1.5813017333333332
1.5847301652083334
1.7269289903225806
1.6440177967741936
1.5857061548387097
1.5717143602083334
1.6427423360416666
1.6815920741935484
1.6477270677419356
1.6584198967741937
1.6048281695833333
1.6534213
1.7726390258064517
1.80325245125
1.7764948977083332
1.8048353147916667
1.7724000066666667
1.7860602333333333
1.7934525774193548
1.8227472548387096
2.0687548806451614
1.9479097032258064
1.8064868032258063
1.883237235483871
1.857506158064516
2.0171358483870967
1.9482942580645162
1.907518793548387
1.969297729032258
1.9470283258064516
1.8444689872916666
1.8539045354166668
1.8461068272916668
1.7772275545833334
1.8007917483333333
1.8540208283333333
1.8522555652083332
1.84441483
1.7870007839583333
1.778310030625
1.7412957047916666
1.7386330133333334
1.6561090479166667
1.706467193125
1.7551619952083333
1.6770444402083333
1.7879453527083333
1.7725891308333332
1.7244776820833334
1.6601697535416666
1.614340133125
1.5895377977083334
1.6393043451612903
1.694493529032258
1.6173757838709677
1.5576739677419356
1.7787664161290322
1.5311271838709677
1.4960185612903225
1.5252381354838709
1.4856860610416667
1.4459377004166667
1.3992696022916666
1.3978698075
1.3414282697916666
1.32374207125
1.3023035379166668
1.282059999375
1.2571341079166667
1.2677060664583333
1.2851416485416667
1.2841672660416668
1.280857071875
1.2677889608333333
1.2269596127083333
1.2436167316666666
1.214421434375
1.144325479375
1.173559589375
1.16581242
1.144491924375
1.1721984179166667
1.1560881241666667
1.144388376875
1.1453915897916667
1.1417315552083334
1.1469180341666667
1.13466899
1.1980747579166666
1.2146960066666668
1.2192804245833333
1.2449318985416666
1.2875630495833332
1.2748087197916667
1.3376743983333332
1.3510283060416666
1.3741311447916666
1.4154130845833333
1.4527017839583334
1.46323906625
1.4973675679166667
1.4676305879166667
1.4735198522916666
1.5002800552083333
1.4904983564583334
1.452124616875
1.499673764375
1.5087936452083333
1.5008671325
1.4858974322916667
1.5138917580645161
1.561301828125
1.628514818125
1.7119843580645162
1.62050936
1.6314049754166666
1.6505548964583334
1.5932588197916666
1.5701322741935484
1.665051377419355
1.5758821903225806
1.5369354266666666
1.5465477903225806
1.469507141935484
1.685203035483871
1.6587268096774193
1.5974214870967742
1.507831293548387
1.4870288064516128
1.5584662806451612
1.5252486516129031
1.5134828641666667
1.5070575629166667
1.5484806870967742
1.4730659377083333
1.5363873477083334
1.5585170572916667
1.5297602129032257
1.567684054375
1.548426039375
1.5016442958333334
1.5171103316666668
1.6041543189583334
1.6323420096774193
1.4917899612903225
1.4674793774193549
1.4837672166666667
1.5234083852083333
1.4639355491666666
1.5158008967741936
1.485772129032258
1.4491287547916667
1.4028105096774193
1.3713975451612903
1.338297043125
1.30015407375
1.2898089264583332
1.2671709320833333
1.255883231875
1.2519685983333333
1.2021446608333333
1.20099917125
1.20920517625
1.1581206616666666
1.1668218647916666
1.1731588008333333
1.1596741679166667
1.1170944108333334
1.0334326985416666
1.0070197122916666
1.002864034375
1.0350141091666667
1.007670401875
0.9892098758333333
0.9964444620833334
1.01930166375
1.0467602806451612
1.1387363258064516
1.280169393548387
1.6719045129032257
1.684024893548387
1.7657002612903225
1.9296681
2.0279409580645162
1.9563810387096774
2.068641687096774
2.0317880806451614
2.1640958967741937
2.2516478096774195
2.4405275548387095
2.4514518258064517
2.731054922580645
2.6741679129032256
2.6722781903225807
2.670737993548387
3.0288029322580643
2.949213006451613
2.8197626387096775
2.860813283870968
3.055405929032258
3.021744990322581
2.922033529032258
2.4735372870967742
2.672600151612903
2.793553787096774
2.561472477419355
2.5675913451612904
2.757288793548387
2.7504875387096774
2.8787269387096774
2.770823664516129
2.904289125806452
2.886664435483871
2.8267373193548386
2.7182856967741937
2.5574597387096776
2.5706824322580646
2.483188212903226
2.5592863483870967
2.312151558064516
2.3418585387096775
2.5494420677419356
2.670214858064516
2.491875035483871
2.596878580645161
2.4289781806451614
2.2501861548387097
1.9448643387096773
1.9476367258064515
2.301124241935484
1.9599031096774193
1.732399206451613
1.7490476516129032
1.701133893548387
1.7477097096774195
1.8940296387096773
1.8966443903225807
1.9480065741935484
1.7339343225806452
1.7624457516129033
1.7843726709677419
2.063717829032258
1.9067464258064517
1.7695248967741934
1.8785433612903226
1.6342085387096774
1.7160442483870968
1.6290800516129031
1.5066939709677418
1.4515065645833334
1.418206513125
1.365329416875
1.376233878125
1.3609383516129032
1.3004457616666667
1.2936052516666667
1.2931880616666667
1.2869549427083333
1.2928796922916668
1.2606441333333334
1.21724297875
1.182216556875
1.1818396079166666
1.2029096870833333
1.1829223758333334
1.192044470625
1.18233611875
1.1703649277083332
1.1216771654166666
1.148251991875
1.1280978510416666
1.1317639302083333
1.1550357327083334
1.2450290161290323
1.3453350838709677
1.1007406941666666
1.11598372625
1.17410150625
1.1781125295833332
1.9029524483870968
1.9619590032258065
2.109806422580645
2.130164864516129
2.638259358064516
2.4605883193548386
2.422804893548387
2.4065807258064518
2.3811870483870967
3.064443393548387
3.1476096193548386
3.0923199548387097
2.7635852516129034
2.4316279483870966
2.451569187096774
1.813278885
2.424104022580645
2.195810693548387
1.8966178766666666
2.646039406451613
2.602192806451613
2.6936146806451613
2.901484270967742
2.965119377419355
2.9258833741935484
2.7963368774193547
2.770478664516129
3.0867710096774195
3.0113476516129034
2.9409032967741937
2.9826853096774193
2.6999878677419353
2.767615935483871
3.0535338
2.714278035483871
2.693979825806452
2.627524258064516
2.5182835967741934
2.5722951806451615
2.474407064516129
2.3875584161290324
2.2373106451612905
2.4424912870967743
2.2443734741935484
2.173556716129032
2.1297231806451613
2.001914590322581
2.1163134677419353
2.120287206451613
2.2416629419354837
2.168474506451613
2.053779770967742
2.2183084677419354
2.347033629032258
2.2893604838709676
2.178160970967742
2.377136216129032
2.2962820096774195
2.358145658064516
2.293459564516129
2.0504002645161292
1.891354841935484
1.951590135483871
2.0166591516129033
2.184116229032258
1.940802441935484
1.846186806451613
1.7343007258064516
1.658283670967742
1.6998655967741936
1.49924308
1.6355803903225807
1.4679535258064516
1.454858358125
1.4267176310416667
1.4125920314583333
1.383291663125
1.3478148758333333
1.310192760625
1.2686610960416667
1.2566394954166666
1.2765528029166666
1.2672818485416666
1.231941831875
1.2513977572916666
1.2163546772916667
1.2039413202083333
1.2700737
1.2162749335416667
1.2319592520833333
1.2508099580645162
1.5833373741935484
1.7313707096774194
1.8058751548387098
1.9747851774193548
2.519547529032258
2.5427237
2.2286912967741936
2.406068477419355
2.4082995870967743
2.7851290741935486
2.803146848387097
2.939841970967742
2.8694132225806452
3.2032415741935485
2.9720303870967744
2.8044022548387098
2.6125752806451614
2.6603515322580646
2.4912329161290323
2.7510010548387096
2.5894043548387096
2.78563624516129
2.675917441935484
2.772435329032258
2.9507486677419354
3.252695335483871
3.233598835483871
3.09853894516129
3.073179377419355
2.9407153741935486
2.7225293516129034
2.7345686354838707
2.8216955451612904
2.8763764677419354
3.561301064516129
3.588404164516129
3.2859985806451615
3.060663012903226
3.046021670967742
2.8667273548387096
2.628530258064516
2.5386706967741937
2.706388074193548
2.8367018548387097
2.725699706451613
2.6583148709677418
2.024276312903226
3.000256122580645
2.3636829806451614
2.4144665322580647
2.4448932677419353
2.3072525483870967
2.2733073612903225
1.9301117870967741
2.0298031161290324
2.0847474096774192
2.002033929032258
1.9298373516129033
1.9639896870967741
2.022349751612903
2.0855903387096775
1.9423221387096774
2.0838141548387097
1.8964620339583333
1.8929628089583332
1.916574570967742
1.86280357875
1.7980386997916666
1.7500495064583332
1.735830786875
1.692372240625
1.6846589497916666
1.5879110385416666
1.5301667129032257
1.50540301625
1.4996799502083333
1.4557869470833333
1.397472216875
1.414232978125
1.38332903375
1.3678221958333334
1.34115217375
1.3104826916666668
1.2653927825
1.2510306608333333
1.2569163758333333
1.232880320625
1.2330956041666667
1.2143728645833334
1.2147833291666668
1.2279381425
1.2051206658333333
1.2064245270833334
1.1954843010416667
1.2252254404166667
1.2073344806451614
1.4095958161290323
1.6993513645161291
1.829547793548387
1.8515215161290322
1.7807292612903225
2.161197451612903
2.445722948387097
2.388645309677419
2.4814958322580645
2.524179170967742
2.6125408064516127
2.726119438709677
2.760940016129032
2.627530241935484
2.6341894741935485
2.7737511387096774
2.8141688967741936
2.6092688806451614
2.7532912935483873
2.7132285129032256
2.8381629677419355
2.406061590322581
2.6970330032258065
2.649278141935484
2.7900329903225805
2.69373095483871
2.7434753161290324
2.8357071129032256
3.215952377419355
3.0168590419354837
2.988624229032258
2.8606683516129032
2.9674295806451614
3.0356043741935483
2.8793777612903226
3.0554179064516127
2.9139186387096774
2.9905313838709677
2.953579461290323
2.8730140258064516
2.668799829032258
2.709217051612903
2.820694448387097
2.849421006451613
2.751768516129032
2.709589270967742
2.8090302677419356
2.7220620838709677
1.9287544387096773
2.1433545516129033
2.110360764516129
2.1530339387096773
2.0703324387096775
1.8268726322580646
1.8836595
1.8854701516129033
1.9415158548387097
1.9451373225806452
1.897930270967742
1.959814593548387
1.7867514322580644
1.77728139625
1.827008135625
1.8066449541666667
1.834589223125
1.808772113125
1.7655325175
1.81593243875
1.794727299375
1.6818747877083333
1.658242145
1.620297004375
1.5897379933333333
1.541634485625
1.5838507316666666
1.4953597841666666
1.459864604375
1.397694588125
1.4161049754166666
1.3791767764583334
1.361715538125
1.2904847204166667
1.2798526774193548
1.252708191875
1.2403017927083333
1.2564672516666666
1.256356381875
1.2451372258333333
1.228084964375
1.1980386185416667
1.2336788275
1.1928552666666667
1.140954579375
1.1496357977083334
1.1345754347916666
1.1354199116666666
1.2075098806451612
1.5048581032258064
1.6544341903225805
1.6914976677419356
1.887482864516129
1.9327113161290324
1.9232370580645162
2.2771441516129034
2.2169028677419353
2.136463306451613
2.2827348096774194
2.2239265193548388
2.2094039741935485
2.473874316129032
2.6303646677419357
2.7980891193548385
2.736842922580645
2.2750118903225807
4.906937796774193
2.4521636
2.2559422387096775
2.1297911967741934
2.200914141935484
1.8499076806451613
1.808516929032258
1.878862070967742
1.85525564375
1.884858149375
1.8768437533333333
2.069526519354839
1.8673404548387096
1.7947355548387096
1.8105287387096773
1.8759684785416666
1.8494702433333334
1.7829501877083334
1.8730307104166666
1.8041442102083334
1.8138421345833333
1.7780603635416667
1.7393159885416667
1.68329807125
1.5651430452083333
1.55922758625
1.502972220625
1.4626713652083334
1.45163597875
1.4291230758333333
1.4253212208333332
1.3759419558333332
1.33426488625
1.3896672612903225
1.3304932325
1.3251603991666667
1.2313880125
1.185508311875
1.1899687635416667
1.1973155195833334
1.20807814875
1.1913919879166666
1.1749451166666667
1.1409167641666667
1.02747732625
1.118569204375
1.1255062577083332
1.102370909375
1.0763136910416666
1.0947985025
1.1709526580645162
1.1243335660416667
1.2510854870967743
1.259401
1.3159072580645161
1.580411164516129
1.3763442612903225
1.253841954375
1.2809168414583334
1.3338883479166668
1.468482464516129
1.6671547870967742
1.5034483451612903
1.6627469870967742
1.7265950483870969
1.857491829032258
1.7759548612903227
1.7695477612903225
1.7220238129032257
1.8283208548387098
1.7629951806451614
1.760240206451613
1.7084512193548387
1.8621307225806452
1.4356163709677419
2.436469635483871
1.9446713372916666
1.9233997170833332
1.8430226722916667
1.8108294045833333
1.9344165612903226
1.8545444032258065
1.9003017741935484
1.9121771385416666
1.9257823483870968
1.85377305875
1.880036775625
1.6714550872916667
1.7566185548387097
1.8340702322580644
1.9215477741935485
1.686720912903226
1.9345903387096774
1.7111038838709678
1.6679144580645162
1.6276369032258065
1.5844023129032259
1.603449506875
1.6019143935416666
1.5719381014583333
1.54104296875
1.5050229166666667
1.54302252
1.5332667104166666
1.5637110193548387
1.6466764483870968
1.5448233964583333
1.5846199806451613
1.5735551225806452
1.5535564983333334
1.52534043375
1.6052846145833333
1.5773636577083334
1.4755689547916666
1.555056808125
1.494362604375
1.5071631135416668
1.504046296875
1.4910069802083334
1.452770058125
1.420429265625
1.4478540389583334
1.4431605327083334
1.392345144375
1.3729479920833334
1.3819474789583333
1.3825309483333332
1.3432243783333333
1.2776925635416667
1.294288825
1.2949329058333334
1.2767613972916667
1.2365694316666667
1.2012763558333333
1.2039308577083334
1.1799661464583333
1.1795139766666667
1.140319681875
1.169732758125
1.1679057689583334
1.1640915679166666
1.136777604375
1.14033342375
1.1339313870833334
1.163051171875
1.156472476875
1.083913721875
1.0841626279166667
1.10052630125
1.0976388372916666
1.1099620839583333
1.1176542047916667
1.112178673125
1.12807851
1.135184056875
1.1659448333333333
1.1860196997916668
1.212006453125
1.235382681875
1.2311022172916666
1.2330379435416667
1.2672479903225806
1.2687983387096775
1.23209093875
1.3011366327083334
1.4267479838709678
1.481717670967742
1.4387442870967742
1.443858245
1.441429065625
1.5217985903225806
1.553086113125
1.5032102664583333
1.6188243838709677
1.7436177032258064
1.7878281774193547
1.861327706451613
1.835959964516129
1.5890638870967742
1.484625012903226
1.391317974375
1.4213029838709677
1.4311579914583332
1.454693870625
1.4555375379166666
1.5099526414583333
1.5266139891666666
1.5553363935416666
1.4983473627083332
1.5087662435416667
1.5166351096774193
1.6719741741935483
1.6468826967741936
1.5291911035416668
1.5415715183333334
1.5275824914583334
1.5449819452083333
1.5670257495833333
1.5448340452083333
1.5562264580645162
1.513766229032258
1.5960956967741935
1.7410758709677419
1.6053640677419354
1.6414498483870967
1.6163485612903226
1.6774006677419355
1.7174079451612903
1.7350602096774193
1.8134415258064516
1.660267006451613
1.5534179838709676
1.6099549
1.4926426774193549
1.5461911741935483
1.6050566
1.7540576741935483
1.5028744161290322
1.3064858547916667
1.3146254016666667
1.2897932983333333
1.2941110402083333
1.282406126875
1.2675693779166666
1.2107723533333334
1.2177441754166667
1.2540090664583334
1.21577050375
1.1919553679166666
1.1667824558333333
1.117596719375
1.122537304375
1.112274031875
1.0971407575
1.1271552625
1.1167487525
1.0873552983333334
1.0884586729166668
1.0784551179166666
1.06371290875
1.061635596875
1.0506441170833334
1.263429158064516
1.3946176129032257
1.415191729032258
1.4145539580645161
1.5325529225806451
1.5470981322580646
1.6703010193548387
1.9633997903225806
1.9934249322580646
2.5943802838709678
2.405332751612903
2.4044633483870967
2.3785793774193547
2.279919429032258
2.6349108806451613
2.625283719354839
2.4410223806451614
2.7641493741935483
2.850149841935484
2.863303964516129
3.1680186645161292
3.0185140612903227
2.9143447258064517
2.8040055548387097
2.737855264516129
2.6778887935483873
2.5572944967741935
2.671740906451613
2.8155358677419353
3.083206858064516
3.006096925806452
2.9117765838709677
2.8647830258064517
2.7436282258064515
2.96302104516129
2.9140174967741936
2.892660312903226
2.6820625967741933
2.7419476387096773
2.6878353806451614
2.6963714612903225
2.772135122580645
2.6094704032258065
2.369235
2.5503912903225805
2.4434455838709677
2.146899470967742
1.9987688935483872
1.9233297580645161
1.906313806451613
2.074737706451613
1.9525496967741935
1.8939871903225807
1.8233886483870967
1.6195936548387098
1.9352776258064517
1.885053677419355
1.8952172064516128
1.761008764516129
1.7708104193548386
1.7466966387096774
1.8616899419354838
1.8459945258064516
1.7852215806451612
1.7238852516129033
1.6412096806451613
1.5601339903225806
1.5592420903225805
1.4343690783333334
1.3966668566666667
1.3939806189583333
1.3766031179166667
1.3982004708333333
1.4004509741935485
1.6547944322580646
1.4461459516129032
1.2974739972916667
1.2422498202083334
1.22685902875
1.230859954375
1.1996427672916667
1.1718913133333333
1.1790405325
1.1334533991666667
1.133639535625
1.1338680102083334
1.12583123875
1.1132650727083333
1.1299934302083334
1.1417730022916666
1.0939283116666667
1.0565792460416668
1.0285918658333333
1.03177637125
1.0105983175
1.0239066304166666
1.03552555625
1.0476533408333333
1.2304654870967742
1.4422277258064515
1.6184021032258065
1.6642271387096774
1.993248070967742
2.1620978741935484
2.1588747322580644
2.2825633967741936
2.3072271451612902
2.172666270967742
2.3956827451612903
2.598969306451613
2.5422188838709676
2.490937970967742
2.592496177419355
2.5050150096774195
2.5100221387096773
2.355745477419355
2.5423572903225806
2.7439979032258064
2.707167877419355
2.538942419354839
2.5047697838709677
2.648071351612903
2.8073123193548386
2.6420939677419355
2.7019706548387097
2.7333346451612903
2.7128925774193546
2.6518861870967743
2.6730565322580646
2.9112053838709677
2.647199222580645
2.3881473935483872
2.6137425258064515
2.6277549967741933
2.736368406451613
2.828577709677419
2.612498719354839
2.409418593548387
2.2664320903225805
2.2018243612903228
2.258312835483871
2.30642504516129
2.3149406193548385
2.290187987096774
2.201262406451613
2.1262123548387097
1.9640529870967742
2.1014696806451614
2.215071541935484
2.095547622580645
1.9080488193548386
1.8661614161290323
1.8928803419354838
1.7744854129032257
1.7514454833333333
1.7158843260416667
1.751979293548387
1.77184848375
1.54000800875
1.66607373125
1.6319449483870967
1.6516059064583333
1.657334981875
1.5969453297916667
1.5846790997916667
1.5805352770833334
1.5445520922916667
1.4716729364583334
1.4330267327083333
1.4156512589583334
1.3855898466666667
1.3545430410416666
1.337179856875
1.3370359285416666
1.2937360470833332
1.2571576779166667
1.21015023625
1.2154158135416666
1.22918487125
1.226959460625
1.212434654375
1.169925245
1.190086790625
1.1548191841666666
1.1330430275
1.114962519375
1.090173375
1.0846975979166666
1.0877513191666666
1.103447504375
1.0998413927083333
1.0991642754166666
1.1065862510416666
1.08863593
1.083608035
1.1625910870967742
1.271549864516129
1.4827360032258063
1.6142061612903227
1.9125970193548387
1.9833147290322581
2.08357145483871
2.2662659322580647
2.343663558064516
2.1725688677419357
2.261071429032258
2.3148296193548386
2.4197375741935483
2.434811364516129
2.370761951612903
2.4541126548387098
2.2741796741935483
2.3581699580645163
2.4543040258064517
2.4997468677419357
2.4018473161290324
2.422621512903226
2.5277962967741936
2.5894957838709676
2.4972043096774192
2.5194731645161292
2.718089793548387
2.7298381451612905
2.572994983870968
2.8628289032258065
2.9056004032258063
2.6086173161290325
2.4687750516129032
2.645807229032258
2.3906050612903225
2.412496077419355
2.4361485774193548
2.494357193548387
2.4107754
2.5241476096774194
2.7550645806451612
2.612714948387097
2.5629243322580644
2.542421877419355
1.9642552290322581
1.885997264516129
1.9219644225806451
1.8577847741935485
1.7666021451612903
1.7346262891666666
1.7971398967741936
1.7393131425
1.7264718183333334
1.7133137014583333
1.7418517610416666
1.7199798364583334
1.7445003358333333
1.7503267622916667
1.8626890420833333
1.7915430516666666
1.7913587295833333
1.691972775625
1.6480161727083333
1.7005659908333333
1.6572783058333334
1.6418882064583333
1.6300064225806452
1.561527609375
1.511532775
1.5407532014583334
1.4208732927083334
1.401128666875
1.3568454654166666
1.3254635097916667
1.3286495614583334
1.449290209375
1.3408809404166666
1.287075851875
1.28098658
1.28829595375
1.248342911875
1.2951081616666666
1.242900603125
1.2157218641666667
1.1867951877083334
1.17808000875
1.1474153527083333
1.1417815775
1.1229150029166666
1.1076831829166667
1.1238612229166667
1.0898925227083334
1.0628715947916667
1.068045375625
1.2386202903225807
1.377855793548387
1.4606166161290322
1.7346787483870967
1.5455807935483872
1.7120206258064516
1.8810276935483872
2.3033519096774193
2.2650143387096775
2.2062142096774195
2.351656016129032
2.4853893903225805
2.5089437677419353
2.454597519354839
2.606037935483871
2.5120722225806453
2.557979422580645
2.585304009677419
2.5582968645161293
2.573252741935484
2.6020077806451614
2.6606165419354837
2.937823458064516
3.1067117096774193
2.7776365322580645
2.8435774903225806
2.825640806451613
2.815207006451613
2.785536487096774
3.081212651612903
2.954492764516129
2.880309380645161
2.9939105161290325
2.847649535483871
2.9518243129032258
2.7595037677419354
2.5323940161290324
2.899248987096774
3.106082280645161
2.2981933225806452
2.3044192193548385
2.2756034032258063
2.3291664096774194
2.428944083870968
2.346660687096774
2.3235782967741936
2.111871206451613
2.0197854225806453
1.7958603612903226
2.0201035806451615
1.9312340548387097
1.865761629032258
1.835626206451613
1.7845780129032258
1.690548238125
1.6831251903225806
1.5788740548387097
1.600794899375
1.5807488858333334
1.5904055285416667
1.715786565625
1.6453840387096774
1.5390257533333334
1.528801128125
1.59452040375
1.5277609670833334
1.5224298447916667
1.4431451275
1.4559104914583334
1.4076101754166668
1.4108483161290322
1.391074844375
1.3334159345833334
1.2667250647916666
1.2963899883333334
1.3162934547916667
1.264907775625
1.210527500625
1.2421742475
1.2444267785416667
1.2272998120833334
1.212724526875
1.1744802595833332
1.15985238625
1.1426725033333334
1.1517391389583334
1.1541519175
1.1532859445833332
1.13271972125
1.1428959877083333
1.1180703279166666
1.0907202595833334
1.0747677535416666
1.07272562125
1.07295959
1.1673212193548388
1.325273941935484
1.4437974870967742
1.2868418677419355
1.5486452161290323
1.6936458903225806
1.7348674
1.8484181032258065
1.9724492193548386
2.2007401903225805
2.161256764516129
2.132654635483871
2.1022371516129033
2.2582439096774194
2.114590258064516
2.1874126483870966
2.2793224709677418
2.4818789290322583
2.234947116129032
2.364425051612903
2.4880750709677417
2.252059380645161
2.419535319354839
2.305856009677419
2.5938315709677418
2.220851929032258
2.5381366870967743
2.6682340677419356
2.678361316129032
2.600492806451613
2.4728848258064517
2.4129174451612903
2.272929522580645
2.270957077419355
2.3732874677419353
2.4046117258064514
2.598370522580645
2.5789466129032257
2.5040830258064517
2.3837094709677418
2.596648941935484
2.3991554774193546
2.290299716129032
2.0284925677419356
2.231933487096774
2.0158971258064518
1.8654695935483872
1.9659993129032258
1.9187953387096774
1.9132395
1.7984518967741936
1.6842482983333333
1.6758875096774193
1.773492835483871
1.6757599838709678
1.7254083916666667
1.7826893685416667
1.7357040558333334
1.7009165702083333
1.6959550389583333
1.7267145033333333
1.7797670297916666
1.5926905560416666
1.5853720564583333
1.5619633429166666
1.5036322114583334
1.4610434341666667
1.3998581903225806
1.3881844864583333
1.390166931875
1.3625696797916667
1.3117223925
1.3312872408333334
1.3223662097916666
1.3027007527083334
1.2927979695833334
1.2785759339583334
1.22682015875
1.211058593125
1.2250813245833334
1.208096119375
1.2052910697916666
1.1921539108333334
1.1978206516666667
1.2254507989583334
1.1895290227083333
1.1856657127083334
1.20779264625
1.1683609495833334
1.159524721875
1.1296910233333333
1.19787620375
1.1406890272916668
1.1379131360416668
1.1132976172916667
1.1059992670833334
1.1366934329166667
1.15986745125
1.1456659395833333
1.125984831875
1.1632867922916668
1.1585853314583334
1.1821018920833333
1.2275271266666667
1.2312596161290323
1.4746158516129033
1.7368605193548388
1.4330788935483871
1.3958445451612904
1.282352435483871
1.5516666548387097
1.690766664516129
1.480556229032258
1.4469166870967742
1.435314466875
1.4467964225806451
1.5410307806451613
1.692595264516129
1.510250506451613
1.4728158016666666
1.5225965322580646
1.6016528032258064
1.4221771032258064
1.5924100129032257
1.5558937903225807
1.6433013064516129
1.618113864516129
1.6925223516129033
1.7359234548387097
1.9053234129032257
1.782543893548387
1.7151111741935483
1.7638254096774193
1.7041531516129031
1.8605370193548387
1.7014640258064515
1.7998714645161291
1.704344522580645
1.5483645935483872
1.644242
1.7479954
0.41899187741935484
1.0849839483870967
35547.03447284516
2.2060424322580645
2.897765393548387
1.4877111967741936
1.3879841516129032
1.461201606451613
1.7192479903225806
1.6812848064516128
1.3291957935483871
1.5122242258064515
1.5714335774193549
1.467392718125
1.493307869375
1.3313786054166667
1.5134870645161291
1.3146699289583332
1.344142435483871
1.2735704254166667
1.28313051375
1.2591533020833334
1.2359954035416667
1.2073780161290322
1.3977404516129033
1.325587922580645
1.2840489838709677
1.257436358064516
1.1964709677419354
1.1894025029166666
1.166761299375
1.1844401872916666
1.1519420289583333
1.1170378633333333
1.089603483125
1.1127605852083333
1.1213962791666667
1.093502816875
1.0829757491666667
1.1062534204166667
1.1176717891666668
1.05357671875
1.07970407375
1.078194041875
1.0518762270833333
1.057578205625
1.0164740275
1.015370371875
1.0265379489583333
1.0134560716666667
1.0181880735416666
1.0252931639583334
1.0091456529166667
1.0053670629166667
0.9836922997916666
0.985995790625
1.0038321375
1.0013568722916666
1.0124712985416666
1.02278503875
1.0778846179166666
1.0674068222916666
1.0674124
1.0735053145833333
1.1014226158333333
1.1693410096774193
1.321297664516129
1.1952746903225806
1.3453998419354838
1.277185322580645
1.389437264516129
1.2670716741935484
1.268092
1.3042156967741936
1.306318558064516
1.3073740838709678
1.364520458064516
1.3193858064516129
1.4822346387096774
1.376228722580645
1.3552257967741936
1.5448421612903225
1.608966129032258
1.4508532419354838
1.4544282806451614
1.6384079129032258
1.3946560741935483
1.3068012451612903
1.324125912903226
1.4754480580645162
1.5295405516129033
1.4557330161290323
1.385981029032258
1.4307110193548387
1.3261324741935483
1.4765351451612903
1.3763633161290323
1.4411762
1.4700705451612903
1.3900037483870968
1.3723182903225806
1.5317950612903226
1.5284895741935485
1.571121035483871
1.4366018741935485
1.659527287096774
1.618594558064516
1.637892941935484
1.450351864516129
1.411178264516129
1.3079318516129033
1.2770993483870967
1.371514364516129
1.5344655
1.3899988483870969
1.5290152419354839
1.4832282967741937
1.5527178096774195
1.2852334677419355
1.1519287325
1.1589601677419354
1.15579382375
1.13137229125
1.1007355166666666
1.153397270967742
1.1114344096774194
1.078297166875
1.1204306591666666
1.0668276283333333
1.0637940104166668
1.1251350258333332
1.1129969908333333
1.0824819335416667
1.01629424
1.011488610625
0.998870676875
1.0116083595833334
0.994166474375
0.9828986654166667
0.9542283452083333
0.9339786920833333
0.9325960591666667
0.9248345160416667
0.9233475620833334
1.0700971741935483
1.0172960161290323
1.2437014161290323
1.3605434548387096
1.6537592258064515
1.7092540483870968
1.8565821516129033
2.1391811
2.068395364516129
2.169065470967742
2.3872525838709677
2.418511183870968
2.4337079645161293
2.3897247741935486
2.424097851612903
2.615350012903226
2.4554010806451614
2.407407141935484
2.4394988741935486
2.559633535483871
2.661939964516129
2.6640580806451615
2.7396040548387095
2.9264320870967744
2.797110883870968
2.7701260290322582
2.7918624967741934
2.8989680129032256
2.7293625322580644
2.8558672903225806
2.7543315741935483
2.965169080645161
2.848155264516129
2.685591564516129
2.7247829516129034
2.7635575
2.7062779645161292
2.647479477419355
2.7183934451612903
2.9548744096774193
2.601210751612903
2.6599064
2.5464215387096774
2.3918232838709677
2.382735593548387
2.2182010838709676
2.389657658064516
2.1189091806451614
1.9156155483870967
1.9085449225806452
2.0474813322580645
2.076831319354839
2.1577865709677417
2.0322506322580645
1.9562025548387096
1.8065263516129033
1.7889783806451613
1.6519491258064516
1.6332088838709677
1.585186470967742
1.6247805387096774
1.6836838770833333
1.627885355
1.544914906451613
1.525981658064516
1.4479192322580645
1.6043344870967742
1.301552870967742
1.3729237741935485
1.3697566903225806
1.362023970967742
1.3286708548387096
1.2907530225806452
1.3300000806451613
1.2749025129032259
1.2557902322580645
1.0880148789583333
1.0777598612903225
1.05495716125
0.9991056647916666
0.9989261
0.9881611395833333
0.9612058375
0.9614347214583333
0.94821813625
0.9415516270833333
0.9396310595833334
0.9378204245833334
0.942109745625
0.9103212260416667
0.91947302875
0.90039189625
0.882152171875
0.9167483419354838
0.9392451935483871
0.89303346125
0.9415699032258065
1.0831201516129032
1.241724435483871
1.3399455870967742
1.303937806451613
1.4504358548387097
1.5579184774193549
1.6896220870967742
2.1820741322580646
2.145023709677419
2.2096544677419354
2.1444583129032257
2.324613851612903
2.3115703870967743
2.231838251612903
2.354105519354839
2.566998919354839
2.6250100032258064
2.570385493548387
2.558338577419355
2.6435363838709676
2.681440616129032
2.5781058612903225
2.695503151612903
2.7225117451612904
2.8600998677419356
2.663704370967742
2.8478022741935485
2.900598719354839
2.7905448806451614
2.8128051967741934
3.0452017677419354
3.021871606451613
2.940594206451613
2.8628171032258063
2.72637864516129
2.716229087096774
2.7686154032258066
2.875953648387097
2.875843358064516
2.6981195322580644
2.6759023838709677
2.4903934290322582
2.6322895903225807
2.4014722096774195
2.1836132258064516
2.3143757806451615
2.523358193548387
2.3985347612903225
2.2162153935483873
2.1735226258064517
2.1099266838709676
1.8763761096774194
1.769062541935484
1.7742185903225807
1.8334344548387096
1.764227193548387
1.7133357096774193
1.7050022483870968
1.6568071483870968
1.7358347548387096
1.6797784979166666
1.6693402164583333
1.7650022741935485
1.6663193
1.591366829032258
1.6144031548387097
1.5712576920833334
1.529787236875
1.516825825
1.796731941935484
1.6128464419354838
1.4617807806451613
1.4170605660416666
1.4024357275
1.349158850625
1.3337144408333332
1.2999315025
1.2749003647916666
1.2979456145833332
1.26907009625
1.2578899145833333
1.2181969772916668
1.1905924266666668
1.178554261875
1.213683914375
1.21982916
1.150401643125
1.1117227083333334
1.123745793548387
1.090419796875
1.0849142170833332
1.0722617360416666
1.05093078
1.047067504375
1.1047441270833334
1.0794936397916666
1.0551545327083334
1.2103462967741936
1.5143818741935484
1.7037932741935484
1.6059240193548387
1.7430936774193548
2.0654907419354838
2.063004235483871
2.1770269161290323
2.2805394290322583
2.2719734096774196
2.328419812903226
2.3670282
2.3470153096774196
2.492047541935484
2.3917690451612903
2.5290990451612902
2.47457285483871
2.4217383225806453
2.61133945483871
2.6970990258064518
2.681586277419355
2.5600988
2.682480529032258
2.736257209677419
2.6507051451612904
2.6699181032258066
2.6980609387096774
2.888776909677419
2.753157619354839
2.928921312903226
2.9472960677419353
2.8543729903225805
2.493688035483871
2.4402500096774196
2.6286675677419353
2.7702892870967744
2.565178841935484
2.523493693548387
2.776747535483871
0.25241254838709676
1.349474964516129
0.7910201258064516
3.730282729032258
2.411297625806452
0.2217195258064516
4.065269632258064
2.1424176580645162
0.8068055064516129
3.3448268225806452
1.9803009193548387
1.9223524193548387
4.182373235483871
2.21185094516129
2.0891690096774194
1.971053958064516
1.9191621161290322
2.0361064516129033
1.827693970967742
1.8912899064516129
1.852355735483871
1.8780149741935483
1.761478935483871
1.9228523290322581
1.7680759483870967
1.6963035441666667
1.6649021289583332
1.641363966875
1.6182833035416666
1.52607585625
1.498770773125
1.4992255895833333
1.5192383222916668
1.4393863014583332
1.4489678514583333
1.4063806325
1.3663494635416666
1.3346750585416667
1.289264771875
1.2573782216666667
1.256933256875
1.293070304375
1.282060679375
1.2349232602083333
1.236462474375
1.2618883795833333
1.2285518952083334
1.22864482875
1.2474594245833333
1.2369341608333333
1.2062531866666666
1.2172474064583334
1.2432016983333334
1.2316027577083333
1.240289985
1.2595354760416666
1.3256343709677418
1.5458978677419355
1.7780807580645162
2.0394309967741937
2.0197816161290323
2.1446135806451614
2.170659535483871
2.072302522580645
1.9877738677419354
2.0867015322580644
2.1082749322580647
2.0788099387096772
2.316975841935484
2.776038477419355
2.983265393548387
2.895519219354839
2.6769062032258066
2.584283329032258
2.627307864516129
2.785628993548387
2.6357728354838708
2.8104814096774193
2.8808738741935485
3.077747712903226
2.8673183322580647
2.7920569548387095
2.744058848387097
2.879116019354839
2.8784628290322583
2.839550787096774
2.7910605741935486
2.59406085483871
2.6151740677419353
2.6128767387096774
2.789138912903226
2.8830656322580643
3.1189509
2.9809083967741934
2.977456335483871
2.5401517548387096
2.4464753612903225
2.46178804516129
2.3396635258064515
2.378604212903226
2.1390650032258063
2.0645282806451615
2.1085550032258062
2.2443413709677418
1.9902208419354839
2.0526139612903225
2.2729594451612902
2.1244891322580646
2.0134666677419353
1.8398591548387098
1.9054551
1.9144666161290322
1.8248555709677419
1.8507623666666666
1.9235311216666666
1.9177972191666666
1.7773084810416666
1.7964209854166666
1.8343122964583334
1.7514583583333334
1.69293706
1.656191706875
1.6413668139583333
1.6594514333333332
1.622429761875
1.5871033235416667
1.5186889420833334
1.4822144602083334
1.451209335
1.4225015154166667
1.4108459566666667
1.3935357816666667
1.3558441272916666
1.2969767020833334
1.2686321014583333
1.235548248125
1.25348905625
1.24291224875
1.2215312454166667
1.180447908125
1.1699056579166667
1.1554781085416668
1.162334855
1.1602707233333334
1.18109286875
1.1749435577083334
1.1892817464583334
1.1616984579166667
1.169597124375
1.1533010914583333
1.1483896297916667
1.3113380161290322
1.6093929419354838
1.6740969967741937
1.531733935483871
1.8423672483870968
2.130413919354839
2.25924264516129
2.11768714516129
2.3848877903225807
2.4333542419354837
2.652777358064516
2.4776574129032256
2.602580974193548
2.570117035483871
2.4095341387096774
2.4758873967741937
2.3523861258064516
2.5593375
2.6463439483870967
2.5631176903225805
2.3882408032258065
2.5266705806451615
2.465861
2.3806381612903227
2.4296921387096773
2.4515896838709677
2.45687814516129
2.5588435741935482
2.5038658967741934
2.6122311677419354
2.6180853903225807
2.576155370967742
2.640634312903226
2.6488789
2.5778183612903227
2.5557898548387095
2.5630139322580647
2.3660740806451614
2.2916919032258063
2.4304771935483873
2.380841506451613
2.1416984387096774
2.0117546903225807
1.9016018161290322
1.8826847
1.7798270193548387
1.772288563125
1.8185695560416666
1.8406637697916666
1.8150698739583333
1.83891675875
1.865282053125
1.84676621
1.878290231875
1.9044065170833333
1.8747543041666668
1.8685952470833334
1.8597103204166667
1.9172577977083334
1.8820409279166668
1.7593248660416667
1.8123472379166667
1.8112602885416667
1.7760252245833332
1.7738850629166667
1.8385371145833334
1.7573067020833333
1.6998649620833333
1.594293088125
1.5663569266666666
1.51318629
1.4858040883333334
1.512303284375
1.47761502375
1.4865984725
1.4391225414583333
1.4268476664583334
1.4319827516129031
1.3205955802083333
1.310688428125
1.2873198139583333
1.2537839545833334
1.25075129625
1.2452321275
1.23882417625
1.2412643085416666
1.22570564375
1.2340827202083333
1.24317657
1.24740766875
1.2281565647916666
1.2072221685416666
1.1949090789583334
1.195752583125
1.20072782
1.2321711154166666
1.2412234116666667
1.252876639375
1.221856988125
1.2161910870967743
1.3037602193548388
1.3199914677419355
1.6806744225806451
1.5356431
1.5689140516129032
1.608546935483871
1.534881169375
1.4915470466666667
1.5094558290322582
1.5666120129032257
1.6022034104166667
1.5998202239583332
1.65233509625
1.6031643208333333
1.6337659322580644
1.7267610161290323
1.804787177419355
1.8403102741935484
1.66169243625
1.8927439322580646
2.6388441612903226
2.8409184870967743
2.5021270774193547
2.2456744161290323
2.1719127741935482
1.8572505774193548
1.8517972322580645
1.8947437677419354
2.0090913258064518
1.9323806258064515
1.9442336387096775
1.973915764516129
1.9035343483870968
1.733762187096774
1.7510601870967741
1.7793381612903225
1.7690645322580645
1.8636257548387096
1.657574977419355
1.5844669435416667
1.677720829032258
1.5897214322580646
1.589217164516129
1.5789597235416666
1.620188435483871
1.599581312903226
1.643481064516129
1.6706317032258065
1.705246764516129
1.5059205161290323
1.4180765741935484
1.4767143612903226
1.3953653366666667
1.6140880741935484
1.5371203451612903
1.44720759125
1.373157195625
1.4305191575
1.3380716954166667
1.3731427629166666
1.3393568147916666
1.3087212591666666
1.2846123870967743
1.3772742677419354
1.2823887885416667
1.345984277419355
1.4127021322580646
1.2343012610416666
1.2719309677419355
1.2641090193548388
1.2073012806451613
1.1947679029166667
1.1941454464583334
1.1797223903225806
1.1523268147916668
1.1286074002083333
1.1383601627083333
1.1043065416666666
1.1046523989583332
1.12940805125
1.1783169677419354
1.227870322580645
1.1901980838709678
1.1108528677419356
1.134976629032258
1.1644381838709676
1.098752806451613
1.211896464516129
1.0249240525
1.0175957354166667
0.9982734772916667
0.9827056870833333
1.004913136875
1.024853295
1.0281948727083334
1.1094341420833334
1.0995604241666668
1.095316263125
1.085048890625
1.09045565625
1.0793364495833333
1.1185206387096773
1.085112012903226
1.1315503322580645
1.131769014375
1.1683789791666668
1.2621915258064516
1.193110506451613
1.285847477419355
1.235130864516129
1.2444763225806452
1.2266412096774193
1.3284065677419354
1.2508931633333333
1.2459073064516129
1.2930682903225807
1.2550296612903227
1.2404907889583334
1.2472378161290323
1.2807482193548387
1.3028679580645162
1.3978596193548387
1.5333824129032259
1.4036519774193548
1.3994569483870967
1.3807108935483872
1.405042712903226
1.455997306451613
1.4254508548387097
1.4205708903225807
1.4092515322580645
1.5610217161290323
1.5743269483870967
1.7076657967741935
1.7151325709677419
1.5464543774193549
1.5616402645161291
1.6868671161290323
1.667362664516129
1.6122092322580646
1.4693818032258064
1.4898057258064517
1.4564983161290324
1.4477235129032258
1.4890054322580646
1.3870029870967742
1.4009147806451614
1.3783201580645161
1.345920655625
1.3167164429166667
1.3438337096774193
1.2956226483870967
1.2635173193548388
1.2317920925
1.3675273806451613
1.5132612419354838
1.3946388387096773
1.41006895875
1.4611595193548388
1.4655667806451613
1.407156464516129
1.463213958064516
1.2695233580645162
1.357124964516129
1.2086947716666667
1.3833203967741936
1.380408522580645
1.1875118612903226
1.1321468183333334
1.1171589597916667
1.1003538591666666
1.0923470766666667
1.0914087879166667
1.0750126285416666
1.0845364716666666
1.081118735
1.0660084325
1.066091760625
1.0305323364583334
1.040738968125
1.063305583125
1.0428386202083333
1.0142981233333332
1.0254320672916666
1.006756023125
1.0029745983333334
1.024515206451613
1.1176367193548387
1.3110184064516128
1.5204898548387096
1.7053915096774193
1.6159379
1.9648453032258064
2.1721776
2.1452807322580645
2.150307264516129
2.3539647677419353
2.277765593548387
2.4554067
2.6727630419354838
2.7888934870967743
2.8638167548387097
2.6504259806451613
2.552701116129032
2.5059943419354838
2.5370285548387095
2.5334446419354837
2.5081320387096775
2.5306082258064517
2.402393493548387
2.4093476741935484
2.609615329032258
2.7726687677419353
2.792580264516129
2.690293412903226
2.6839612322580644
2.7283668741935485
2.755330135483871
2.8532919
2.8726447
2.767832348387097
2.743840638709677
2.839441587096774
2.785318629032258
2.6942979903225805
2.3960658451612904
2.298074693548387
2.199268380645161
2.2436854612903225
2.2320419580645163
2.226454383870968
2.2790683451612903
2.222991083870968
2.1220269258064515
2.016477751612903
2.1331307903225807
2.1861779258064518
2.023282106451613
1.8753390806451613
1.9282231483870969
1.742617693548387
1.7628551516129032
1.7331751967741935
1.8664715967741936
1.8577738903225807
1.6557627
1.698437329032258
1.6954730387096775
1.628403641935484
1.5357444945833334
1.5911674972916667
1.6261796096774193
1.6281584032258065
1.485653248125
1.480412283125
1.4249864577083333
1.4151549704166666
1.3964826525
1.5238900387096774
1.483402919375
1.4258256510416667
1.389922981875
1.33230443
1.319624559375
1.2862196491666666
1.2547778770833333
1.223258880625
1.221957759375
1.2479259797916666
1.1883616970833333
1.1932926054166666
1.163524698125
1.1447695783333334
1.1429621535416667
1.1489620641666667
1.1457128577083333
1.1220194033333333
1.11172778125
1.101213494375
1.0760353695833333
1.0822075014583334
1.055592105625
1.0797757916666666
1.240083570967742
1.3328459322580646
1.5080103258064517
1.6615915161290322
1.711993429032258
1.7325969161290322
1.8939084709677418
2.1496357516129034
2.1301343903225805
2.218619548387097
2.208582816129032
2.221415335483871
2.279075241935484
2.477320748387097
2.657967512903226
2.483279083870968
2.348556593548387
2.2755952483870967
2.388314629032258
2.375994906451613
2.5037305838709676
2.5582932258064517
2.5269247096774192
2.6006722
2.688483483870968
2.791233790322581
2.7372271161290325
2.6154593903225805
2.487917077419355
2.7699876290322583
2.667913006451613
2.7443387387096774
2.910509393548387
2.7688740677419355
2.6289850064516127
2.5114761677419355
2.6906590903225807
2.7843438322580645
2.5745874161290323
2.587146406451613
2.3853590451612905
2.3800689580645162
2.248391287096774
2.1924867032258066
2.043950906451613
1.929780570967742
1.809063531875
1.9469759129032258
2.102813435483871
1.9232640935483871
2.032406264516129
2.06793535483871
2.100305335483871
1.9791418258064517
1.897846829032258
1.8419297239583334
1.77463193125
1.7708287451612903
1.7738310927083334
1.8011618552083333
1.7732270397916667
1.713935619375
1.7022167772916668
1.6033522389583332
1.6210358829166667
1.5600886391666666
1.54827748375
1.5312044641666667
1.4922622495833333
1.4816496166666666
1.467626991875
1.4347337260416666
1.3669493225
1.3717345210416667
1.3288202470833332
1.2935807791666667
1.2860428489583333
1.3328856733333334
1.2685834035416668
1.2200364664583334
1.2360309702083334
1.2061575577083334
1.1966461677083333
1.1587279008333333
1.142343843125
1.1170193064583334
1.1319072495833333
1.158618366875
1.1367276514583333
1.1305143897916667
1.1282116370833333
1.125322029375
1.105168239375
1.1466228202083333
1.0910975939583334
1.0724762120833333
1.215690264516129
1.384388235483871
1.596438535483871
1.7758197225806451
1.7147699838709678
1.7840316612903226
2.035399577419355
2.083497629032258
2.3382459548387096
2.2677961548387096
2.0594297322580646
2.213289006451613
2.2513603032258063
2.288242016129032
2.5522686806451613
2.4814508419354837
2.467379787096774
2.3646657548387098
2.5251906096774195
2.4929011612903227
2.4652689322580645
2.4175980677419355
2.6805124322580647
2.6570875774193548
2.7283897419354837
2.578628819354839
2.6841243032258064
2.7711936967741937
2.9703951451612904
2.927684777419355
2.920713551612903
3.0448242967741934
2.909907348387097
2.778457693548387
2.8234758967741937
2.521338041935484
2.7570780258064516
2.834963222580645
2.612539170967742
2.4739187516129033
2.414416822580645
2.279234141935484
2.1252266677419356
2.2069149161290325
2.1985477032258065
2.381820470967742
2.2355759903225807
2.173107429032258
2.3617342967741934
2.2401037064516127
2.2382301129032256
2.4157458806451615
2.100971041935484
1.8675008096774193
1.8412264741935485
1.944620364516129
1.816198060625
1.7901550885416666
1.7448448102083334
1.728344823125
1.8624447060416667
1.894779301875
1.860305938125
1.8070965145833333
1.7913065520833333
1.828804244375
1.798073786875
1.7982505864583334
1.7631037945833334
1.7365374489583334
1.7091551179166666
1.6598659045833333
1.604928776875
1.6354063339583333
1.595211193125
1.5246352347916667
1.5023128272916666
1.4390823477083334
1.3685941339583334
1.363936474375
1.368835565625
1.3496316379166666
1.2992692858333332
1.2622684679166667
1.240579106875
1.238879739375
1.2398960020833334
1.2144187397916666
1.2032562820833332
1.1978079289583334
1.2212955895833333
1.2314139604166667
1.214004315625
1.2196203895833333
1.1939955785416667
1.2183225485416667
1.335127293548387
1.423458993548387
1.7100855516129032
1.7627093096774193
2.1060365677419357
1.9057681903225807
1.9777648870967741
2.052283477419355
2.178623522580645
2.2652983967741935
2.2119605
2.2922812483870967
2.432955548387097
2.419752080645161
2.565300377419355
2.467752729032258
2.5926949774193546
2.7351559967741936
2.936266580645161
3.001286606451613
2.7560192387096776
2.777425577419355
2.609959241935484
2.5367241838709678
2.4693266516129033
2.6078687129032256
2.822939348387097
2.893075687096774
2.725874558064516
2.638913635483871
2.754797029032258
2.7229182548387096
2.708713506451613
2.6669625161290322
2.7891039032258065
2.6797585774193546
2.568631806451613
2.4484039064516128
2.586593529032258
2.569426841935484
2.538417651612903
2.389129806451613
1.8985254161290324
0.9302550903225807
4.0302290258064515
1.6891239870967742
2.874799270967742
1.898037477419355
2.0072897979166666
2.138019464516129
1.919628215625
1.88595197625
1.9047338414583332
1.9370409322580646
1.9291571304166666
2.024994616129032
1.9717635612903226
1.88291432875
1.9087266741935485
1.889303535625
1.9016966739583334
1.9174972608333334
1.8923848683333333
1.8356119416666667
1.800943571875
1.8152115322580644
1.8429569548387097
1.69260625625
1.6829547677083334
1.625051873125
1.568130179375
1.543229158125
1.53451568875
1.501666425
1.4517661541666667
1.4388166322916667
1.4157282372916666
1.407387804375
1.3899136335416666
1.3551130614583333
1.3982035745833334
1.3625596870833334
1.3872014008333333
1.3847396889583334
1.3552119947916668
1.3300746027083334
1.3367498404166667
1.319988891875
1.3115712347916666
1.35638221375
1.3614210747916666
1.3139135139583333
1.2617303347916666
1.2473884202083334
1.2653439439583334
1.1495996920833333
1.271349266875
1.4762202483870968
1.4682836741935483
1.613682658064516
1.6752822096774194
1.7742864193548387
1.9484957838709678
2.0556490032258066
2.1310003483870967
2.2058978612903224
2.3799046129032257
2.28321585483871
2.50469504516129
2.3096860903225807
2.270429951612903
2.367090780645161
2.360210612903226
2.250405277419355
2.3775501516129034
2.2772366548387097
2.4002759387096773
2.629653241935484
2.7757357322580645
2.6968155129032256
2.627766783870968
2.634681058064516
2.7964123387096773
2.62345474516129
2.798180538709677
2.8302793387096776
2.7243046258064516
2.6393994
2.639716841935484
2.5034915096774193
2.32812215483871
2.185857041935484
2.2556855774193547
2.306405625806452
2.398475080645161
2.4837229516129034
2.293320983870968
1.976984906451613
1.864748929032258
1.9435261995833333
1.9798507032258064
1.9315955741935484
1.93391077
1.835539063125
1.8081657289583333
2.227987864516129
1.9500635516129032
1.8027091451612902
1.8490738120833334
1.8741469835416666
1.8489846739583333
1.851492565
1.9727213102083334
1.972059889375
1.9153659910416667
1.8842093810416667
1.9397732189583334
1.87280312625
1.8290717764583333
1.7287161602083334
1.7919669527083333
1.8351284814583333
1.8195063575
1.7446939589583332
1.6391512077083332
1.5610687860416668
1.6365856327083332
1.5282854289583334
1.4759911572916666
1.4417843658333334
1.5073887032258064
1.4173115808333334
1.36791828125
1.369299016875
1.3609786525
1.35707426875
1.3443690479166666
1.2714005897916667
1.2592349083333334
1.222625904375
1.2232092333333333
1.2332580529166666
1.2175484077083334
1.224188325625
1.2158465572916666
1.1993783977083334
1.1939019291666666
1.1946912416666666
1.158445128125
1.169800295
1.1516348775
1.1800810452083332
1.189829943125
1.224599281875
1.2384358641666666
1.2401209972916667
1.2500558802083332
1.28191932875
1.3513847660416667
1.34210790625
1.331149564516129
1.487171655625
1.4515330870833334
1.4555316927083333
1.4863522029166667
1.5186762314583333
1.5464614516129032
1.7465041806451613
1.5597577806451612
1.496027775625
1.565145599375
1.5742295966666666
1.5398208633333332
1.5625287952083333
1.634325146875
1.6442009983333334
1.687636923125
1.8742989597916666
1.7799615304166667
1.7531617675
1.6749452327083334
1.737339681875
1.6905809235416667
1.6505302954166667
1.6282415452083334
1.641828144375
1.6558279967741936
1.6992849677419355
1.7817396032258064
1.6812124193548388
1.7526665838709676
1.7291196451612902
1.56144842875
1.6584603339583333
1.6741243970833333
1.6380165195833334
1.639925070967742
1.6295700089583334
1.653050359375
1.7028928451612904
1.7640399967741935
1.6835355096774194
1.5452849610416666
1.5514048675
1.5365035235416666
1.574495581875
1.6091249054166668
1.5769011445833334
1.5320680479166666
1.456596150625
1.5008271504166666
1.572438571875
1.6069099558333333
1.5726308014583332
1.53318535125
1.550084405
1.5409891147916666
1.514506273125
1.5354734841666666
1.57913634875
1.5312461110416666
1.5101806122916666
1.5325109510416666
1.5252823510416667
1.51059861
1.4806140595833333
1.4810860152083334
1.4422185885416667
1.3947272175
1.349050616875
1.3437661310416666
1.346384915
1.32882931375
1.332994048125
1.3021865760416667
1.3072406075
1.2695472064583333
1.2476265839583334
1.2520322452083332
1.2117201308333334
1.234010744375
1.2199426891666667
1.2002160689583334
1.2235893566666667
1.2339639558333333
1.21073111625
1.1898285364583334
1.1806800960416666
1.1765872441666667
1.159647340625
1.19106071625
1.1641764654166666
1.1822241479166666
1.1939461304166668
1.1831349535416666
1.1411481910416668
1.286343099375
1.2926153464583334
1.25833041625
1.31119363
1.3650109602083333
1.3744343364583333
1.35006649375
1.3106767952083334
1.3638395225806452
1.3806685102083334
1.324921885
1.3469715120833334
1.3817948341666666
1.4050197772916666
1.4025391814583332
1.4862581325
1.5317981027083334
1.5315738685416667
1.516613891875
1.5777486195833332
1.62827140625
1.585329730625
1.5980657272916667
1.57206903875
1.5211355760416667
1.514989053125
1.5368190975
1.5831758277083334
1.555993444375
1.5232319129166667
1.5411345427083334
1.5994119497916666
1.6400592139583334
1.6105648945833333
1.594261165625
1.6430444035416667
1.6610571289583334
1.6092786397916667
1.5970415325
1.6715154770833334
1.6067997779166667
1.5492891085416667
1.5776657839583332
1.574114216875
1.5967050116666666
1.5960806451612903
1.706774077419355
1.884658064516129
1.6241017709677419
1.6536167364583334
1.5981282602083333
1.64875142
1.5650726622916666
1.58453330875
1.6022823220833333
1.604439481875
1.6037611808333334
1.567727340625
1.5940743960416666
1.5851838927083333
1.5479629754166666
1.490996788125
1.4956310879166668
1.4977010435416667
1.4720249089583333
1.461275200625
1.4898519197916666
1.4891679247916667
1.427289736875
1.4680819722916667
1.4302745747916668
1.3845281654166666
1.359621334375
1.3337612997916666
1.282989573125
1.2776034958333333
1.2646289741666668
1.2270789872916668
1.1996226183333334
1.2016193314583334
1.1872822910416667
1.188529079375
1.1979447233333334
1.1824660589583333
1.17693468375
1.1676916808333333
1.1701468783333333
1.1523493185416667
1.1284805277083334
1.1317264897916666
1.14230369625
1.176013451875
1.1516059183333334
1.1608070806451614
1.1967742451612904
1.4765502
1.421603364516129
1.556191270967742
1.7642875870967742
1.9458088387096775
1.8639858129032258
1.8070726967741935
1.8378847161290321
1.8377648096774193
1.842867529032258
2.0438968483870967
2.3841455387096775
1.6128061838709677
1.678613822580645
1.6738711612903225
1.6337704709677419
1.7581065129032258
1.6930220870967743
1.6308399129032258
1.630280687096774
1.711271129032258
1.7330973774193548
1.7183281483870967
1.6253256193548387
1.6060821903225806
1.5582872451612904
1.5426364516129032
1.538794764516129
1.543672365625
1.5518057264583334
1.56066394375
1.5039705483333334
1.4536209889583334
1.3663951419354838
1.6110813322580646
1.6777893903225807
1.3992840870967742
1.4187564322580646
1.5177437806451612
1.5435409485416667
1.5901883583333334
1.4817773791666666
1.4943592070833334
1.6175232566666666
1.6325047072916667
1.5760896095833334
1.4922477935416667
1.5226095727083333
1.53863706625
1.593714304375
1.616146878125
1.6489693160416667
1.5970555666666666
1.5913531072916667
1.60506876875
1.5863246377083333
1.6257529954166667
1.6232108620833334
1.5577629254166667
1.58359646125
1.5608128627083333
1.4714921032258064
1.5192028838709677
1.3925527775
1.3427024116666666
1.330808361875
1.339343999375
1.32672355875
1.2964356633333334
1.30200432875
1.2902895164583332
1.2879710429166666
1.2817605916666666
1.2523043339583333
1.2362461708333334
1.22285613625
1.21148157
1.20647920125
1.190899133125
1.17964872125
1.1649638316666666
1.16580773375
1.1269704020833333
1.1206419360416666
1.113299398125
1.1251350370833333
1.1481479064583333
1.1407919772916666
1.1639590960416666
1.16487647375
1.1928171814583333
1.19879429625
1.188801039375
1.2288505414583333
1.2693273195833332
1.3479277833333334
1.3946756372916667
1.3652264897916666
1.3946768670833334
1.3746631510416667
1.3927146066666667
1.431553344375
1.5421344989583334
1.549701470625
1.5924889435416667
1.627040539375
1.658368525
1.66201014375
1.72085562625
1.6280281120833333
1.55933750625
1.606594381875
1.6076591210416666
1.59030804875
1.556483969375
1.5546270010416667
1.5672743039583332
1.5565292589583333
1.606564693548387
1.5247260127083333
1.525131440625
1.493836900625
1.4858447270833333
1.352048211875
1.38997648375
1.4307944580645162
1.3674092129166666
1.497056035625
1.390902541935484
1.4791127666666666
1.4741625483870968
1.4564032677419354
1.4733876275
1.5757545297916666
1.5157753895833332
1.5657396004166666
1.5692796279166668
1.724064721875
1.7366420045833333
1.6835009495833333
1.7600105239583332
1.711820574375
1.731327071875
1.566517524375
1.7823397383333333
1.7138964689583334
1.8246909154166666
1.8060173904166668
1.8906902222916666
1.7289244735416667
1.82139721625
1.702859910625
1.771788245
1.6780850233333333
1.7839267022916667
1.7621536970833334
1.7605029933333334
1.7248441579166667
1.685369069375
1.6793879952083333
1.6928338170833332
1.6653169525
1.588850909375
1.58910184125
1.5571912645833332
1.5382672522916667
1.50399003
1.5352991904166666
1.4956656235416668
1.4667374010416667
1.445186345
1.43823302125
1.435173630625
1.4409185208333333
1.415376041875
1.37895437
1.3521381466666667
1.3316284122916666
1.3101809520833334
1.3012708502083334
1.283959609375
1.278519995625
1.2979767875
1.2902127489583333
1.2612938972916667
1.2980425775
1.3501835127083333
1.468149422580645
1.6538080258064516
1.8382728806451614
2.0859484032258067
2.3383112483870967
2.5826868967741934
2.4307949935483872
2.5761515548387095
2.666649983870968
2.3840693548387097
2.651758483870968
2.0010736451612905
2.254103480645161
1.9572339419354838
2.4622538516129033
2.7391208322580645
2.6955358032258063
2.6319696193548388
2.4611440967741935
2.5072015032258066
2.4750170806451615
2.129864119354839
2.214586677419355
2.148638109677419
2.6133015612903225
2.7011065032258066
2.2524134612903226
2.1853638419354837
2.5638361870967743
2.9696429096774195
2.773072
2.9460500870967743
2.7184783387096774
2.3573700193548386
2.045585224375
2.0970568
2.168334474193548
2.300768177419355
2.287736851612903
2.0188351129032256
2.4599362225806454
2.041020335483871
1.997080180625
1.8343115227083333
1.947095175
1.9444853760416667
1.8515384764583334
1.8513592389583333
1.814145135483871
1.937426206451613
2.1591700451612903
2.020616012903226
2.109309593548387
2.101315135483871
2.064322770967742
1.9630540580645162
1.8350992677419355
1.97405066375
2.024233965625
1.97604053625
1.9776907483333332
1.937252735
1.921279411875
1.946486249375
1.9391489110416666
1.9123516783333334
1.8618107102083334
1.8095659575
1.7801665289583333
1.6956813683333334
1.7025302202083332
1.69116959375
1.6857882379166667
1.6182989895833333
1.5734636333333334
1.5512297427083332
1.507911329375
1.4404803629166667
1.3949656029166666
1.3951725689583334
1.3796684954166667
1.3736198739583334
1.335110733125
1.3161749827083333
1.2927998204166666
1.24356626375
1.2543917910416666
1.2765014916666666
1.2680957377083333
1.275328999375
1.073004726875
1.097468175625
1.1847744825
1.2334434758333332
1.2144830308333334
1.606018164516129
1.8220592387096775
1.885115535483871
1.9457908838709677
1.9413890548387096
2.3398315
2.269221893548387
2.2360156967741935
2.678566841935484
2.6750931967741933
2.827407377419355
2.6331784032258065
2.637900377419355
2.5020118967741936
2.539495306451613
2.3853784548387096
2.2283473806451615
2.3890541677419357
2.6436426838709677
2.7084492193548386
2.6928860387096774
3.214298635483871
3.433836387096774
3.151229093548387
3.341950506451613
3.2715767032258065
3.2692188032258063
2.939040951612903
2.8574414
2.8409788774193547
2.585957929032258
2.049257687096774
2.389354735483871
2.4304358419354837
2.5732347870967742
2.578991964516129
2.7655673032258066
2.768413519354839
2.0673367612903224
3.0470147806451613
2.345537693548387
2.199355448387097
1.910416329032258
1.88815841
1.8998064002083332
1.9464847375
1.9325314054166667
1.9406176139583333
1.8174149295833333
1.724566714375
1.5429228739583334
1.5771428679166666
1.6828650439583333
1.68640333875
1.7072095522916666
1.806793768125
1.8347856814583334
1.897468386875
1.917379175625
1.9167718070833333
1.9103603302083334
1.86904424125
1.79546076625
1.7788563522916667
1.730541638125
1.6623416383333334
1.69374860625
1.6939301745833333
1.68770789125
1.6518052697916668
1.6227683322916666
1.569610315
1.5449548247916667
1.52093565125
1.4860010035416666
1.4220676452083334
1.4079052958333333
1.3687493441666667
1.3331078464583332
1.2873357458333334
1.2877856789583333
1.3055345272916667
1.3007644870833333
1.277511089375
1.28901854875
1.294543551875
1.2748405022916667
1.2606054041666668
1.2485763652083333
1.2472083985416667
1.2391213816666666
1.2141163210416666
1.2064533691666666
1.2043166047916667
1.2012900735416667
1.3126946354838709
1.4609099193548387
1.7491541258064516
2.0765175129032256
1.8777002548387096
1.8283399161290323
1.9414637935483872
2.2643888967741934
2.162445958064516
2.4269137741935483
2.3456155096774194
2.2819388677419354
2.334631729032258
2.259717170967742
2.2035374258064517
2.3838651032258062
2.447117122580645
2.5298340451612904
2.696083783870968
2.7828967
2.746618816129032
2.6710456258064514
2.9307154548387095
0.24179935483870968
2.4082700225806453
2.292215219354839
2.6453769580645163
2.728733287096774
2.787671458064516
2.965783448387097
2.7773880322580644
2.6825010322580645
2.489462712903226
2.6970449741935485
2.841616290322581
2.6948561258064516
2.787234848387097
2.5845672
2.449272229032258
2.226274264516129
2.076788151612903
2.3077669741935485
2.179026935483871
2.0037210612903227
1.9848560129032258
2.0878042225806452
2.2486055096774193
2.007429970967742
2.0992385741935484
2.0468449967741935
1.957596906451613
1.9579663967741936
2.0247767741935485
1.9677312322580645
1.9432082322580646
1.8979437
1.7664657322580646
1.643636753125
1.719901712903226
1.6385571967741936
1.5750590079166666
1.6079645502083333
1.6410798129032258
1.6367902677419355
1.6399016677419356
1.7453342096774194
1.7752956838709677
1.7805034290322581
1.4794968967741935
1.5924798483870968
1.5489628322580644
1.4259427870967742
1.4985671032258066
1.620966064516129
1.6145147096774193
1.4033931387096774
1.3500726580645162
1.2606123283333333
1.2168798064583333
1.2426802822916667
1.2684266709677419
1.2091173774193549
1.1993673860416667
1.21700380875
1.2226389775
1.2226165904166666
1.1887202533333334
1.1948728327083333
1.18402645375
1.16963665
1.2562707387096774
1.1787220129032259
1.1710785548387097
1.108674691875
1.1286504989583332
1.16022863125
1.1219789983333333
1.1896746064516128
1.18147020375
1.21721245
1.2915101483870968
1.2708268785416668
1.3017837870967741
1.3693105204166667
1.4434520566666666
1.4734299096774193
1.5304393483870968
1.492140005
1.4906912806451613
1.9621745
1.698767829032258
1.8776886483870967
2.001737009677419
2.344747193548387
1.9316175129032258
1.9468563677419355
1.7857762806451614
1.7467156135416666
1.7731555675
1.820987079375
1.8180959129166667
1.7544723189583333
1.885091638125
1.7494388825
1.79178044125
1.766097301875
1.7204716725
1.6960260770833333
1.55278996125
1.5780224660416666
1.47378102375
1.4791085258333334
1.3897599227083333
1.4519523966666668
1.6294069193548386
1.634749786875
1.6228791085416667
1.6643453810416666
1.6167788225806452
1.434396889375
1.43653500125
1.507092368125
1.387549425
1.494393835483871
1.3329223647916666
1.5452782258064517
1.5146263838709677
1.4787147783333334
1.4914163316666667
1.4935126570833333
1.4872014870967742
1.390972444375
1.5197757193548387
1.4476235608333334
1.46788540875
1.5882361375
1.5694164227083334
1.4968369679166666
1.4455932372916667
1.44474671
1.43411628375
1.4939214583333333
1.4891464158333334
1.4897808804166666
1.4987973189583332
1.49465217125
1.4411778875
1.4613260664583334
1.4317823460416668
1.4101147395833333
1.3559019983333334
1.3472331052083333
1.3120589477083333
1.3219816935416666
1.2833820785416667
1.242657801875
1.2235289425
1.2087500891666667
1.178148341875
1.1270640035416666
1.10811100875
1.1204879789583333
1.1347980645833333
1.147993903125
1.0953659697916667
1.07754049375
1.0714786102083333
1.0551165295833334
1.0749678189583334
1.1065913241666667
1.0762147591666666
1.0617159604166666
1.0433784633333334
1.0737502602083333
1.0910369347916666
1.0939368866666668
1.094049524375
1.09166253125
1.0936903364583332
1.098936806875
1.0929660189583332
1.1247305458333334
1.1281720525
1.1553663022916667
1.1890710079166666
1.1795378283333333
1.4406015483870969
1.5104494935483872
1.4400562903225806
1.4074410612903225
1.5194932967741936
1.6863838870967742
1.7185728387096775
1.5579491322580645
1.508202064516129
1.3771136864583333
1.3649019189583333
1.379521580625
1.3321166291666666
1.397254135483871
1.3428407741935484
1.4247788
1.5125364032258064
1.5447511129032259
1.4512604645161291
1.400995329032258
1.424413664516129
1.3913594441666666
1.3363629258064516
1.3294239838709678
1.2648066451612903
1.3675662032258065
1.3392800589583334
1.3766811129032257
1.5607459935483872
1.4389338387096775
1.5753360258064517
1.567924006451613
1.6545985258064515
1.5841198967741936
1.5727992677419356
1.5124996602083334
1.5194806670833334
1.409261043125
1.4682373347916666
1.5142118204166666
1.4757487422916666
1.4729784741666667
1.4609785925
1.4570733258064517
1.4172184129032257
1.453325024375
1.4760233504166667
1.4314252779166667
1.4088265322580644
1.3453051516129033
1.3316470277083334
1.3855031102083333
1.3016824154166666
1.30931931375
1.362001129032258
1.34125718625
1.3256897702083332
1.3205502910416667
1.300438428125
1.2600357935416666
1.309470704375
1.2557271077083334
1.2127047758333334
1.2078160291666666
1.2133536375
1.1909343947916666
1.1231949177083334
1.0730367904166667
1.05544099625
1.055423365
1.0510486425
1.0147676079166668
1.0264321510416667
0.9995495525
0.9642571922916666
0.9649708020833333
0.9388213058333333
0.9192464995833334
0.9360601627083334
0.9770449387096775
1.052551570967742
1.0840768064516129
1.3455079451612904
1.728246435483871
1.9691192451612902
2.0954995612903224
2.4221500774193547
2.330258935483871
2.533859470967742
2.653581829032258
2.7994936258064516
2.8948068903225805
2.9613197741935484
3.1700083483870967
2.9950786838709678
3.1268047741935483
2.634747612903226
2.587886480645161
2.7319658612903224
2.669678851612903
2.725077712903226
2.6834712935483873
2.823870248387097
2.7774622161290323
2.713094651612903
2.910777848387097
2.7306333677419357
2.831284429032258
3.00115745483871
2.7095660483870967
2.735066748387097
3.0441391838709677
3.029469358064516
2.87405175483871
3.034297987096774
2.9459933129032256
3.156021451612903
3.0684205741935484
3.0232238806451615
2.887684025806452
2.929407083870968
2.489957722580645
2.48369864516129
2.590527890322581
2.519862964516129
2.4396084322580647
2.371168087096774
2.2804859193548386
2.2045064096774194
2.0711828032258066
2.1748197483870966
2.0990192741935485
1.9576335548387096
1.8728846838709678
1.682162006451613
1.614563135483871
1.794081829032258
1.700975541935484
1.7368937161290323
1.7503144870967742
1.8520976129032258
1.6066860516129031
1.6741296451612904
1.6300252774193549
1.5822091161290324
1.506159777419355
1.5973650774193549
1.6217340741935484
1.451793379375
1.4803584529166667
1.3956296120833334
1.4192174575
1.3929327139583334
1.4027159116666668
1.40093347375
1.4083139193548386
1.4172144225806451
1.3196846570833334
1.2758338629166666
1.3866411193548387
1.2027511379166667
1.1623176702083333
1.1650079025
1.126628949375
1.0951134554166666
1.0851022166666666
1.0500859989583333
1.0349832872916667
1.0345999191666666
1.0169068327083333
1.011286049375
1.0273836077083334
1.04403966125
1.0350553808333334
1.02699417125
1.0281784485416667
1.06068988
1.0707016470833333
1.1779496516129033
1.4930928935483871
1.6585811516129032
1.894599022580645
2.0241038032258065
2.023604441935484
1.9673706258064516
2.2465396387096774
2.2072624677419355
2.354581135483871
2.233864935483871
2.194930406451613
2.516902306451613
2.691032583870968
3.044731251612903
2.904619612903226
2.956781919354839
2.877607558064516
2.934226474193548
3.0484417870967744
2.9713897193548386
2.5460086967741935
2.824480270967742
3.0459193580645163
2.8422493419354837
2.823396270967742
2.816153135483871
2.6039815
2.8142779129032256
2.924521493548387
2.8765268483870967
2.798270864516129
3.086584177419355
3.2830259387096774
3.3072870161290324
2.9639791612903226
3.1799021451612903
3.018697987096774
2.650973422580645
2.688112364516129
2.611701329032258
2.5055015032258066
2.2821908161290323
2.317499519354839
2.036770712903226
2.207619264516129
2.3724273129032256
2.3834577064516127
2.3394658032258064
2.1540306838709675
1.9474656612903225
1.8879327129032257
1.9375671451612904
2.009744883870968
2.0170079677419355
1.9211456258064517
1.9148214161290322
1.963471629032258
1.981584077419355
2.0582728258064518
2.0452955612903225
1.9344056774193548
1.925327606451613
1.9123251096774194
1.776478893548387
1.6666175096774194
1.5481819516129032
2.045047051612903
2.1321015838709676
1.903709035483871
2.0859277258064517
2.1551983
1.9062604903225806
1.6993894548387096
1.5730269129032257
1.4575355285416667
1.4078751191666667
1.4058777491666667
1.3517206885416666
1.34080677375
1.3124312225
1.31323093625
1.274975574375
1.2403634483333332
1.2606646108333333
1.2306597470833334
1.1933820014583334
1.2019048229166667
1.2052340533333334
1.1936463591666666
1.1702924239583334
1.183116865625
1.1559077395833333
1.1589552629166666
1.176156466875
1.1859060545833333
1.3058832258064517
1.4326172548387097
1.6128257677419355
1.5571891096774193
1.7933061903225807
1.7866614677419355
1.9884780322580644
1.9717735387096773
2.4286554903225808
2.277603606451613
2.1972005193548387
2.2770055612903226
2.542082487096774
2.646957787096774
2.652018064516129
2.6062884322580646
2.5963638
2.524367822580645
2.459644
1.3309855870967742
3.464012806451613
2.5133657193548387
2.5155346129032257
2.541114393548387
2.3604975838709676
2.4435838032258066
2.787493506451613
3.086400616129032
2.9890311
2.7609289548387097
2.7747076096774195
2.764245512903226
2.760235858064516
2.3578603225806454
2.4953245548387097
2.5733675677419354
2.7337656225806453
2.6937922612903225
2.797716535483871
2.5978932838709676
2.541787358064516
2.3913327967741935
2.257632448387097
2.1378966612903225
2.239075393548387
2.0968759548387097
2.1335472677419354
2.040815370967742
2.011605041935484
2.233161680645161
2.1230028193548387
1.8741136096774194
1.9666167677419355
1.9255811774193548
1.8901554838709678
1.9109744741935484
1.8627944387096773
1.8725665129032258
1.8085726193548388
1.7955052935416667
1.8323948339583334
1.7064130827083333
1.7512487095833333
1.7220465347916667
1.6849208010416667
1.701704205625
1.72510699125
1.6867051239583333
1.6355361820833334
1.6017095941666666
1.6672910225806452
1.5926026451612902
1.6362058258064516
1.5791909483870967
1.6009647806451612
1.5058871387096775
1.4823880903225806
1.4843881129032257
1.3782893193548387
1.3583939774193547
1.2835020389583334
1.2567708302083334
1.2435871633333333
1.2379539735416667
1.2273321570833333
1.2056767575
1.2092806429166667
1.192258278125
1.208517034375
1.2085268510416667
1.2059351522916666
1.22159056875
1.21176066375
1.22338267125
1.23434387875
1.2430846435416667
1.2289897135416668
1.3307399903225807
1.6172475451612902
1.7351373
2.113265729032258
2.191255416129032
2.358898241935484
1.9202571709677418
1.7891893419354838
2.125092993548387
1.9704506548387097
2.267883577419355
2.3908530193548385
2.297734770967742
2.527681835483871
2.839228090322581
2.9117979967741934
2.103318422580645
1.9111807161290322
2.002234193548387
2.492202809677419
2.785362164516129
2.797178341935484
3.0333576580645163
2.926136593548387
2.6238478258064517
2.6706189967741936
2.603456919354839
2.7069259
2.7113357
2.6489509161290323
2.5668536225806453
2.6342823548387098
2.695229422580645
2.688956741935484
2.6333160838709677
2.5706577580645162
2.4388255516129034
2.569234929032258
2.3752687967741934
2.4891957096774195
2.400379148387097
2.3534886225806453
2.275151564516129
2.5483905516129033
2.4327502129032257
2.2279579354838708
2.2326699322580645
2.1536045870967744
2.2634630741935484
2.2178314129032257
2.0754208322580645
2.1536865870967743
1.9027500193548388
1.9253245161290322
1.855056835483871
1.7911100352083333
1.8189900141666666
1.8444086258064516
1.81602830125
1.8147685922916668
1.787709
1.7822226016666667
1.9091836032258065
1.867995829032258
1.8605914419354839
1.914624241935484
1.852446429032258
1.9441037677419355
1.7786004451612902
1.753018670967742
1.628180535483871
1.7174284451612902
1.5343232967741935
1.41725016
1.4878370838709678
1.4471550322580644
1.3416472547916667
1.2973761204166667
1.2678883616666667
1.22295690625
1.20246232
1.2115154952083333
1.191011783125
1.1893937747916667
1.1752475345833333
1.157781306875
1.1276461847916666
1.1283399264583334
1.1217764141666666
1.131340895
1.1459199060416667
1.1409728075
1.1557310320833334
1.175880183125
1.1894832258064516
1.2047844838709678
1.4130415129032259
1.6745290709677418
1.8487509451612902
1.8062936161290322
1.7584972161290322
1.870971370967742
1.9781445322580644
1.9122333258064517
2.055844722580645
2.1332320129032256
2.2307343096774193
2.280142177419355
2.372946087096774
2.5610579967741938
2.707897606451613
2.9130617387096773
2.7863672548387095
2.9725752838709676
2.8434806225806453
2.6953553193548387
2.231511929032258
2.578887306451613
2.4732797161290323
2.6028311161290323
2.6508829161290324
2.557320977419355
2.7102595032258066
2.7743529838709677
2.631268722580645
2.750864829032258
2.6746143193548386
2.5029375387096775
2.238238277419355
2.0536894322580643
1.9749759967741936
0.34385910322580643
4.323454767741936
2.2992093
1.8821824322580645
1.6893660352083333
1.7451283290322581
1.8463417193548388
1.6872301604166666
1.70548698875
1.6987738070833334
1.7519482958333332
1.7273217295833334
1.72197485125
1.6977460397916666
1.70115763875
1.708218644375
1.7089626904166666
1.77187097625
1.791648391875
1.86868746625
1.8980396483333333
1.902839596875
1.7112782814583334
1.7559741966666667
1.7913816441666666
1.742092676875
1.7439320602083332
1.7157779433333333
1.6861523239583334
1.4638304902083332
1.6317739227083334
1.6092481570833332
1.5736366383333333
1.553470804375
1.5693007152083334
1.52507831375
1.2961090889583333
1.4769405760416667
1.44721271
1.4415973620833333
1.4393655072916667
1.397967836875
1.3297093333333334
1.3144031589583334
1.2886536897916667
1.3238960629166667
1.2553336760416667
1.218145185625
1.20197859125
1.176255140625
1.1656206366666666
1.1547170647916667
1.1470404904166667
1.1348679197916667
1.137294064375
1.118681221875
1.1313634464583333
1.1420669741666667
1.12387282125
1.1360131285416666
1.1395037541666666
1.0968295983333334
1.0848587945833332
1.1078542195833334
1.1374629810416668
1.1453341872916667
1.14604929625
1.1570102583333333
1.1920530922916666
1.3448529451612903
1.4542136838709678
1.2754327114583333
1.3263407177083333
1.4391694602083334
1.4667986096774193
1.4583958387096774
1.4819955645161291
1.5129592161290322
1.5999452683333333
1.6162366733333333
1.653356876875
1.7311801679166667
1.7067180895833334
1.7176244610416667
1.753654353125
1.7331066402083333
1.7702138054166667
1.717099740625
1.723047919375
1.7058232752083333
1.716356164375
1.7439787095833332
1.7560401875
1.7944871804166667
1.7494512883333333
1.7315750054166668
1.6990538975
1.7013989289583333
1.70372644625
1.6539865510416667
1.663545631875
1.660338130625
1.666898843125
1.6265952104166668
1.500062556875
1.4993516539583334
1.4853380247916668
1.4699499752083334
1.44371557
0.26910576833333333
1.8931740972916666
2.3287833691666666
1.6700922877083333
1.6142327547916666
1.6399020241666666
1.6475489847916667
1.6356898102083333
1.6061145295833332
1.5884366379166666
1.56888392375
1.5852393154166666
1.6026433033333334
1.5564222904166667
1.5166667952083333
1.4954967535416666
1.4783327685416667
1.5020482825
1.551939428125
1.495627620625
1.4457047622916666
1.4070432125
1.3358028583333332
1.4069476427083334
1.3944204645833334
1.330354270625
1.254333088125
1.2312035508333334
1.2281953652083333
1.20676518375
1.1896460545833334
1.14968567875
1.1215576622916668
1.1165379910416666
1.0980612866666666
1.0707435510416667
1.0754133579166667
1.0632838639583333
1.0550417889583332
1.0073459354166667
0.9852545572916667
0.99989193
0.978013949375
0.9581300575
0.93909580875
0.9757302104166666
0.9980759179166667
0.9740368872916667
0.9861126225
1.0272918345833333
1.024101143125
1.0261952308333333
1.0445797629166667
1.056551915
1.0722052941666667
1.0778080254166666
1.1018428735416668
1.144705955
1.1859720564583334
1.18784408875
1.2006381079166666
1.2114173254166667
1.2430187010416667
1.2446420858333334
1.21043498875
1.2892934258333333
1.3256012885416666
1.3270969810416666
1.3511672327083333
1.3478321677083334
1.3771227304166667
1.3840043945833334
1.3870721033333333
1.3835721170833333
1.4273919495833334
1.4542771841666666
1.448700354375
1.444182325625
1.423203164375
1.4148305520833333
1.432749934375
1.470819693548387
1.4717489580645162
1.4867821096774194
1.5846856451612903
1.5370878774193548
1.5185939548387097
1.465833970967742
1.4916076704166668
1.4965748366666667
1.5460205129166666
1.537861391875
1.5119165885416668
1.4781866489583333
1.4991475222916666
1.5632076008333333
1.5613554589583334
1.571359880625
1.5855400939583333
1.6097154275
1.5331497733333332
1.4954321352083333
1.4518739889583334
1.4447909458333332
1.48078837625
1.4663737010416666
1.4098756041666667
1.415912453125
1.4145839072916666
1.3859805964583334
1.4101422808333333
1.3603821785416668
1.3655416664583333
1.3824551297916667
1.3844822554166667
1.3770327839583334
1.3569879060416667
1.3301896416666668
1.3553747016666666
1.3645974966666667
1.2984884916666666
1.2738068083333334
1.245666115625
1.2377789660416667
1.1942398210416667
1.172325465
1.1410468691666666
1.1187148672916667
1.1394411152083332
1.1256153229166668
1.0920756902083333
1.1046057508333333
1.0651781664583333
1.0412296558333334
1.0166301164583333
0.9961328114583333
1.0132607502083333
0.995281071875
0.9765034597916666
0.99173948625
0.984209065
0.9731524514583333
0.975442985625
0.9702711847916666
0.9386469539583333
1.0141182193548388
1.3177492903225807
1.3917129870967742
1.384668306451613
1.7216276548387097
1.9342587516129033
1.5072557387096774
1.7262469580645161
1.8425007483870968
1.657333
1.6867191032258064
1.5429591451612903
1.7854584870967742
1.7352833258064515
1.7235739806451613
1.702583570967742
1.650667958064516
1.519429993548387
1.515713106451613
1.459228064516129
1.5223629
1.7172918548387097
1.8471470967741936
1.9504829322580646
1.739054264516129
1.842213793548387
1.863494058064516
1.9104484354838709
2.190070387096774
1.8013699419354838
1.9836896612903225
2.0076926193548386
1.9713198741935485
1.9082806322580645
1.6646597483870968
1.6545653258064517
1.7647869677419354
1.7749075032258064
2.072420790322581
1.8725574483870968
1.9209060064516128
1.7566971
1.6713409354838709
1.719609864516129
1.7778567483870968
1.5146024451612903
1.4739562189583333
1.410952011875
1.4202264810416667
1.4584373964583333
1.4703365997916666
1.4653309639583334
1.48760461375
1.4698608548387098
1.4022695764583333
1.4205402983333333
1.4357617975
1.5670906152083333
1.512405730625
1.5102322402083332
1.535872573125
1.5649306545833332
1.6012575420833333
1.6075898154166666
1.4924653610416667
1.5427522695833333
1.4842707666666666
1.4688191175
1.3804487279166666
1.3731296779166666
1.2543429516666667
1.2214472029166668
1.215423815
1.2136838322916668
1.188060555625
1.15158004
1.1261419516666666
1.0893899333333332
1.027855505
1.006760814375
1.0141425622916667
1.039769704375
1.000923505
0.9890277925
1.0155607377083333
1.017374735
1.0009630191666667
0.988930640625
0.9793394958333334
0.9835209702083333
0.9930906760416667
1.002898686875
1.0242943208333333
1.032218138125
1.2309423612903225
1.0461624145833333
1.1063138577083333
1.0676001997916666
1.2249053032258064
1.5001257870967741
1.6303091548387096
1.7133460548387096
1.5593759516129033
1.8103789161290322
1.803685764516129
1.8192988322580645
1.949385329032258
1.9607465774193549
2.205777058064516
2.234139741935484
2.1811084
2.099654322580645
2.1752226161290324
2.0786388838709677
2.0489362580645163
2.21085074516129
0.5761074806451613
3.8103549677419353
0.1186146
51.72138277741936
39.0950433516129
61.97757841935484
1.3069858967741936
56.19125159838547
48.31361690877901
69.23493658082744
67.20815282764885
84.39153012552977
82.19599530433905
18.909940846215942
30.24796999576186
1.8024425689583334
1.827271329032258
1.1019307774193547
0.7347462225806451
2.7147413902083333
1.7255744491666667
1.702401965625
1.663198464516129
1.6336535697916668
1.612219125
1.62769267
1.5935833091666667
1.6009927985416668
1.5838483416666667
1.59428928125
1.6119143858333334
1.5937656860416667
1.6247323741666666
1.7098796458333334
1.7168498052083334
1.7083662397916666
1.7585767210416667
1.763612956875
1.7609084095833334
1.7278902985416666
1.6903230785416667
1.68582161375
1.6859033952083333
1.6968418997916668
1.59609369625
1.5496907510416666
1.646050350625
1.6483294864583333
1.5448710060416666
1.5420687032258065
1.448016993548387
1.393521525625
1.32909774875
1.303772403125
1.255880994375
1.263549779375
1.2230401879166666
1.22652888125
1.188400743125
1.145392831875
1.1638163041666667
1.1674147077083334
1.148353888125
1.1339553339583333
1.1098787677083333
1.2292200160416666
1.1963832514583332
1.1458069283333334
1.1301012533333334
1.1449458395833334
1.1206577745833333
1.1395214672916667
1.12872796875
1.1206322829166666
1.109651195
1.1182317
1.1602837838709676
1.2788017
1.3820446612903226
1.3956731193548386
1.5099655387096773
1.6965807903225807
1.8950720806451613
1.7004357193548387
1.775080006451613
2.2516706548387098
2.195056470967742
2.1208580451612904
1.9857518967741936
1.9947619677419355
2.423060841935484
2.1625121741935485
1.9172371903225807
2.158315687096774
2.2316652064516127
1.982823170967742
2.0554839387096773
1.921716458064516
2.061829541935484
1.861593264516129
1.9409475580645161
2.0519508
1.9953776032258064
2.137185435483871
2.1867456741935483
1.907978435483871
2.11886165483871
2.0775055548387096
1.8707640419354838
1.9408312806451613
1.9747126129032258
1.805823093548387
1.8112613741935484
1.8997585161290322
1.7732176709677419
1.6635477177083333
0.6173538360416667
0.612463403125
0.38421512166666666
2.9715565967741937
2.9671513258064515
3.0585670483870966
3.0338432419354837
3.027264177419355
3.052586029032258
3.028344187096774
3.053463051612903
2.9869913483870967
3.039305835483871
2.9132703483870968
2.8088194967741935
2.7445562193548385
2.731565351612903
2.776201358064516
2.8714475258064516
2.9697849451612903
2.8997859032258066
2.9219994322580645
2.93559034516129
2.9418608612903228
2.7686564
2.5720842225806453
2.4246050258064518
2.071494970967742
1.9012909064516128
1.7685994483870968
1.917152835483871
1.8925342451612903
1.862456141935484
1.826618693548387
1.809562658064516
1.7116014387096774
2.0012655612903227
1.9574022838709677
1.8398439161290323
1.9117513677419355
1.7513288290322582
1.663350829032258
1.6318321290322582
1.698604758064516
1.755244335483871
1.5999711225806452
2.0108069225806453
2.0300354806451613
2.389276377419355
2.3835429516129034
2.3507229451612903
2.303836770967742
2.2071937161290323
2.140383722580645
1.7300119193548387
1.6360868322580646
1.3983798548387096
1.3839813838709678
1.3449062741935485
1.3987624032258064
1.3328022193548388
1.4655087387096775
1.434594958064516
1.3946428322580646
1.316571158064516
1.2353626838709677
1.2042044
1.2344588096774194
1.2616970580645162
1.326312593548387
1.3654087354838709
1.2737806161290322
1.2957075322580645
1.246111741935484
1.2729032193548386
1.2941666193548387
1.4793688387096775
1.5142409322580646
1.7476649032258065
1.5267814193548388
1.5391499322580646
1.4065627677419354
1.720062964516129
1.864422970967742
2.149599664516129
2.325967041935484
2.208619448387097
2.460386606451613
2.3143756
2.576318793548387
2.3265937451612904
2.464676158064516
2.6527717387096774
2.882077051612903
2.8881893806451613
2.857433606451613
2.820340916129032
2.955656922580645
2.8937604516129034
2.8482816903225805
2.951745774193548
2.750486077419355
2.6970088741935485
2.874310051612903
2.7800367064516127
2.6886345870967743
2.7855381161290325
2.668435593548387
2.6744345612903224
2.6228474516129032
2.8296161741935486
2.9448146322580646
2.7406256580645163
2.6733549193548387
2.4361255483870967
2.533236948387097
2.6488758161290322
2.527709777419355
2.422385519354839
2.4374867032258063
2.423994106451613
2.6506676096774195
2.3498876387096774
2.046620619354839
2.095686029032258
1.931510677419355
1.9782029387096773
2.120692070967742
1.926402335483871
2.0589234806451615
1.9537209483870968
2.117522629032258
2.0823895096774194
1.8692931387096774
1.9146514548387097
1.8519178580645161
2.179820880645161
2.1942039387096774
1.9955970967741936
2.0321361677419354
1.9945471870967741
1.9749275709677419
1.8319789806451612
1.9185459225806452
2.212142251612903
2.1952500161290325
2.301125880645161
1.7719219870967742
1.513124893125
1.6326407677419355
2.1924183161290323
2.1086955806451613
1.9030941161290322
1.748711164516129
1.6211975161290322
1.4200118354838709
1.2961046260416667
1.287843631875
1.24127534375
1.2022839377083334
1.164510724375
1.1599861810416667
1.163161981875
1.1644179195833333
1.1646239370833333
1.1738187566666667
1.1490652727083333
1.1433972891666666
1.1334738172916667
1.1405855620833334
1.148320875625
1.1166087589583333
1.13893757625
1.2171880032258064
1.4677597967741935
1.6726950225806452
1.950583593548387
2.1587074903225805
2.3797821741935485
2.1869404870967744
2.3330238741935485
2.6627934161290323
3.0110501709677417
3.127089922580645
3.1216799322580644
3.260459964516129
3.3531646516129032
3.3491914580645163
3.0405209838709677
2.619639735483871
2.698986941935484
2.7042324193548386
2.864626309677419
2.692943893548387
2.6513884387096773
2.512107048387097
2.656036051612903
2.5642744258064516
2.5259762161290324
2.4964098161290322
2.7327492838709677
2.79605644516129
2.6673436161290325
2.4984421129032257
2.580358193548387
2.458294083870968
2.500526312903226
2.650959819354839
2.6897135
2.8459433741935483
2.8041816838709677
2.770139087096774
2.9124036548387098
2.4886810903225807
2.501481151612903
2.6335667677419354
2.680425190322581
2.579721512903226
2.4846204774193548
2.5032742032258066
2.37451875483871
2.2812856741935486
2.196260551612903
2.2856642709677417
2.4000724096774193
2.4134324129032256
2.2360029903225804
2.2106386967741933
2.1992968548387095
2.7265665677419353
2.5899323903225806
2.578446693548387
2.5528172096774195
2.430810058064516
2.3648047
2.5979426193548387
2.5033360580645163
2.361403258064516
2.2525237354838707
2.1648185612903226
2.188942864516129
1.7623621225806452
1.606541477419355
1.522223958064516
1.5019602920833333
1.514601151875
1.5036970539583334
1.5025919327083332
1.5146563285416668
1.4593786258333334
1.4033487475
1.3830483114583334
1.3726159702083334
1.3407648929166667
1.32509953
1.2883199572916666
1.264271355625
1.2680143777083333
1.258445515
1.2490211072916666
1.21655971
1.2170459935416666
1.229789885
1.226738753125
1.229117276875
1.2312197175
1.2125030222916666
1.2074248002083334
1.222355373125
1.2673165548387098
1.2786155903225807
1.339473422580645
1.1593679995833333
1.1981242772916667
1.4670315193548387
1.660986941935484
1.8487652838709678
1.903530729032258
2.007793106451613
2.0431513322580646
2.2932620258064516
2.2238465193548387
2.2531533516129034
2.4527081451612904
2.500429990322581
2.7083826451612905
2.643088535483871
2.3971857548387097
2.8424191290322582
2.941440941935484
2.7428114258064515
2.589848583870968
2.680527490322581
2.6043711322580645
2.597539029032258
2.920219629032258
3.0413123903225805
3.0849516612903227
3.0243742580645163
2.994106964516129
2.7687779322580646
2.5626843548387095
2.3738037032258066
2.570716164516129
2.3843443451612902
2.379812283870968
2.4416875322580647
2.5593151903225806
2.386288677419355
2.5496642677419357
2.536004241935484
2.3674733387096776
2.398011080645161
2.557418922580645
2.3910498387096775
2.2486109548387097
2.4559842516129033
2.37333534516129
2.2331821870967743
2.238908877419355
2.109319025806452
1.9953848741935485
2.1117451387096775
2.0997715032258064
1.8869267193548387
1.6792470548387097
1.7521788225806452
1.8193280322580645
1.7670267806451614
1.730669306875
1.6664154414583334
1.763208864516129
1.63456336875
1.6876726709677419
1.6260939935483871
1.6723877419354838
1.6762225387096774
1.8630200903225806
1.6007218689583333
1.6141085547916667
1.5667574802083333
1.5330202302083333
1.5512131741935484
1.5806912322580646
1.5660259387096773
1.4576289161290323
1.3362431729166666
1.3432010891666666
1.3942684451612903
1.2941798879166666
1.2660959895833332
1.2341604833333333
1.2167179547916667
1.2306117754166668
1.242612125
1.2456345789583334
1.2279916677083333
1.2378733760416667
1.2259032970833332
1.19256977625
1.1676513814583334
1.19451632625
1.1472884345833334
1.1542767741666666
1.13728676625
1.1616145685416666
1.1569932952083333
1.9284400903225807
1.259064529032258
1.1473048825
1.5907359516129032
1.844019541935484
2.085932987096774
2.2004115
2.227136048387097
2.280557383870968
2.1537930612903224
2.1680467806451613
2.3501660741935484
2.41190945483871
2.5213877451612903
2.7509524387096773
2.5825766225806452
2.7610932967741935
2.8092043967741938
3.0657006161290323
2.7593002451612905
2.542439277419355
2.685673377419355
2.6886570838709676
2.862137258064516
2.7816596
2.710627722580645
2.9352348225806453
3.0426066032258063
2.9939609451612905
2.9188579225806452
2.769913806451613
2.727864422580645
2.6190304387096774
2.7766853161290324
2.6673343677419354
2.621688729032258
2.5767786322580646
2.796577035483871
2.867929438709677
2.5967530612903227
2.4581788967741938
2.3645268096774195
2.207413935483871
2.3880327516129034
2.2134343
2.155242193548387
2.0467555741935484
1.9284297483870967
2.0872304806451614
2.0576709741935484
2.0433319967741936
2.0186823870967743
1.9109403741935485
1.8167364870967742
1.7725737193548388
1.7598830580645162
1.6853231347916666
1.7021410283333334
1.7037070935416667
1.7647097602083333
1.7243338820833334
1.7358527096774194
1.7506469741935484
1.7081938193548387
1.639678516875
1.7750375677419354
1.746246612903226
1.6604825279166666
1.6707326214583333
1.63184974125
1.6162019847916667
1.5698355210416666
1.5328963335416668
1.4221863510416666
1.3856766077083333
1.3645550883333333
1.3183817675
1.3467756408333333
1.3246349297916666
1.2667823275
1.2561265716666667
1.2445809922916666
1.2638352464583333
1.2415188722916666
1.22542606875
1.2192022629166666
1.2057331177083332
1.18726903
1.1831425566666667
1.1661197239583334
1.1576346833333333
1.118510513125
1.1338110096774194
1.1878701193548387
1.1131849204166666
1.1188816096774195
1.06321030625
1.082718760625
1.0988679008333333
1.1406060983333333
1.4050160483870968
1.6574166225806453
1.6630638677419354
1.7273588806451612
1.8414107774193549
1.761062829032258
2.1266043387096776
1.797647064516129
1.5289829516129032
1.666107435483871
1.6167918903225806
1.6542444451612903
1.521205629032258
1.4895899291666668
1.4958326258064516
1.7257069612903226
1.9322206483870967
2.0679562096774196
2.247455312903226
2.216778983870968
2.0341234903225804
2.1818301516129033
2.0438364451612903
1.7810105903225806
1.6771935193548386
1.8009681548387098
1.7338398129032258
1.8236455064516128
1.9331685903225806
1.9158143483870969
1.8953730258064516
1.8710869096774194
1.7984967032258063
1.726869129032258
1.7100665
1.6766663935483872
1.6775468741935484
1.7463334935483872
1.822970729032258
1.6999029774193548
1.6499213580645162
1.5249230920833334
1.4972281735416666
1.5062849387096775
1.5049225
1.6435273225806453
1.5352072161290322
1.5768910870967743
1.4831171096774194
1.4291229322580645
1.4417126939583333
1.441301490625
1.5270215741935484
1.395431522580645
1.408321489375
1.5323169522916666
1.46741246875
1.42029983875
1.3701884777083333
1.3823641758333334
1.3941366366666668
1.4438617947916668
1.4575799275
1.4336759570833333
1.418186714375
1.3622746872916667
1.2907013045833333
1.2735438208333334
1.292940890625
1.3976537451612903
1.2283605322916666
1.2209830489583333
1.2051866783333334
1.1994953591666666
1.1529239791666666
1.1337253591666667
1.10649527375
1.0708488433333334
1.0694456158333334
1.0521138035416666
1.05793921125
1.064388081875
1.0412929860416666
1.0209526954166666
1.0064223725
1.0214167797916667
1.021476595
1.0465622316666667
0.990725238125
0.976079089375
0.992346819375
1.002097906875
1.0130543612903227
0.9621492804166667
0.96119983875
0.9488886822916667
1.0042055580645162
1.0995306129032258
1.1553963774193547
1.0520443838709677
0.9938232647916667
1.0789793580645162
1.164466306451613
1.2925283
1.2651757774193548
1.3175898516129032
1.2872061
1.3933163129032258
1.2636849193548387
1.5664574677419354
1.533260887096774
1.413110258064516
1.3660541193548388
1.4887917483870967
1.9069015225806452
1.8614434290322581
1.6801832193548387
1.7101220129032257
1.6264233935483872
1.7302119903225806
1.793403606451613
1.697292570967742
1.6739206806451612
1.6521430322580646
1.625286435483871
1.6739502483870967
1.629155693548387
1.7808018096774194
1.8073028741935484
1.8328826677419354
2.071283106451613
1.7432982741935483
1.5267583806451612
1.596669806451613
1.6149485903225806
1.508618893548387
1.5026850451612903
1.5468227806451613
1.7454439516129032
1.7569416129032258
1.4399846419354838
1.4694690483870967
1.6655532806451614
1.6596344806451613
1.575174222580645
1.6766956032258065
1.7407149032258065
1.6923329838709678
1.6974240806451613
1.7405743290322582
1.6931363580645162
1.564657341935484
1.5437262483870968
1.3939031161290323
1.700475441935484
1.604875029032258
1.6034231774193548
1.6992267451612904
1.3399007774193548
1.406001906451613
1.5457353322580645
1.346926429032258
1.2813036258064516
1.273293404375
1.2359009589583334
1.2080368070833334
1.1814272689583334
1.16456560875
1.135031799375
1.1410267545833332
1.0698401014583334
1.2097941419354838
1.0606544545833334
1.0761490158333333
1.0720646104166667
1.0567450108333334
1.047971620625
1.046525610625
1.0358421620833334
1.034836160625
1.0355772654166666
1.0285883166666667
1.00845819
1.000964600625
0.9924365897916667
1.2154985322580645
1.7532156580645162
1.966551464516129
1.8841059064516128
1.7222539903225806
1.689938429032258
1.968517012903226
2.204309058064516
2.344653412903226
2.3697949580645163
2.5480413677419356
2.6959488258064517
2.6600555
3.0459298838709676
3.0891535870967743
3.0803506677419357
2.9026531483870968
2.8750818774193547
2.7486641903225806
2.7767070935483873
2.7229062774193546
2.6016992387096773
2.6077343064516127
2.6183264580645162
2.739518993548387
2.800968706451613
2.922015758064516
2.702299693548387
2.7636813870967742
2.743485106451613
2.868475793548387
3.0847336290322582
3.1803436483870966
3.222754180645161
3.0249739387096772
2.7169484838709677
2.8472289
3.0686478612903225
2.9637145
2.9428171516129034
2.9847553419354838
2.8482769806451613
2.7870797612903226
2.673543383870968
2.3743754548387095
2.177067183870968
2.3053089387096772
2.1725349516129033
2.0624923451612904
1.993998858064516
1.8818147580645161
1.8927517387096775
1.960494993548387
1.9180850032258066
1.791434964516129
1.708957293548387
1.6836171322580644
1.6672529322580645
1.6935020516129031
1.5799905161290322
1.7944995612903225
1.8568705612903227
1.9457814483870968
1.9526790322580645
1.8665840645161291
1.6761895193548386
1.528512241935484
1.3561013741935484
1.4164190258064515
1.4189058935483871
1.3123388854166667
1.2460061039583334
1.2278135310416667
1.20115194375
1.343461306451613
1.2610493129032259
1.1888908032258065
1.3240694967741935
1.2319461741935485
1.2082318225806452
1.2890512161290322
1.115380029032258
1.0712932677419356
1.070963684375
1.061065516875
1.064616685
1.0664276247916666
1.02476748375
1.0115670177083333
0.9915260654166667
0.9882302920833334
0.9873359454166667
1.0001175704166667
0.984129685625
0.9740594964583333
0.9662921083333333
0.9632116764583334
1.1528866451612902
1.2199344580645162
1.4843453032258065
1.3686609
1.9702776096774193
1.9000808387096775
1.644277729032258
1.9340900580645162
2.1562637838709677
2.470376735483871
2.2823714838709677
2.278047651612903
2.4924016129032256
2.612221377419355
2.8359251387096776
2.851322341935484
2.741146793548387
2.457879251612903
2.5199402387096774
2.7389265741935485
2.6437067193548387
2.5369340612903226
2.448078129032258
2.569698570967742
2.7235796
2.944342474193548
2.882689422580645
2.995640264516129
2.9778465193548387
2.8441261967741935
2.8967124096774195
2.825419148387097
2.8069484451612903
2.8795172580645163
3.0022321967741936
3.0409777258064516
3.0596891322580646
2.8566842741935483
2.8604641032258065
2.8302860612903227
2.6455418483870967
2.4608275741935484
2.5348622129032257
2.4677229741935482
2.412058374193548
2.334111864516129
2.4189869838709677
2.357808077419355
2.2844402451612904
2.061949264516129
1.9091393387096773
1.9523673967741935
1.851141141935484
1.679013273125
1.743917
1.6946743479166666
1.6241476858333332
1.6086239785416667
1.7910812483870968
1.8893974483870968
1.7761233677419355
1.6243532345833334
1.6365342858333334
1.6893853677419355
1.63932442375
1.5918559902083333
1.6364258548387096
1.7999879258064515
1.56909810625
1.5558443147916667
1.5423339677083334
1.479708490625
1.454643261875
1.4730869895833334
1.4449040410416667
1.4309351872916667
1.4388896266666666
1.4088742077083334
1.412373104375
1.368165218125
1.38255652125
1.3489878372916666
1.362003079375
1.32605452375
1.326130810625
1.310728820625
1.26999042625
1.27472801625
1.2362581320833332
1.2250139175
1.221648756875
1.2241211991666667
1.207887805625
1.2076613820833333
1.1934387945833334
1.1831066629166667
1.1795653925
0.9753873903225806
1.5513767806451613
1.7892682516129033
1.8160147322580644
1.8457806677419355
2.0389221967741937
2.4076083032258064
2.4975348032258062
2.576892358064516
2.711368712903226
2.6272991548387097
2.5160753451612905
2.4515145838709675
2.5804715677419354
2.8703987193548386
3.010119277419355
2.8277217258064518
2.6783166903225806
2.725081880645161
2.7575171709677417
2.4448375741935484
2.6206410129032256
2.663953958064516
2.721481816129032
2.940028993548387
2.819057935483871
2.9071814032258065
2.9939087
2.964447877419355
2.943297658064516
2.967481819354839
2.9270252322580643
3.0249913516129032
2.983191929032258
3.084040529032258
3.0150875741935486
2.8412714612903227
2.853629280645161
2.68685024516129
2.570818293548387
2.4581469677419356
2.364916074193548
2.564034806451613
2.2631151806451615
2.1446335290322582
2.0756127387096774
2.046032729032258
1.9886757483870967
2.0339999612903226
2.166262258064516
2.057207870967742
1.9234570903225807
2.088171
1.762402035483871
1.8358560322580646
1.7346000161290323
1.9075821
1.7683306258064515
1.7247717064516128
2.0475297516129034
2.1391448161290323
2.0476090161290323
1.9954773774193548
1.8252515387096775
1.8146338096774193
1.9029894483870968
2.0659014161290323
2.172718148387097
2.017382719354839
1.9367556
1.8956093774193548
1.6983936258064516
1.6657820193548387
1.572070258064516
1.3726128677419356
1.25161138875
1.2508095935483872
1.5235292516129033
1.2344335903225807
1.220718970967742
1.1483581633333333
1.13857112375
1.1272613639583333
1.1135256822916666
1.2508241032258065
1.153023958064516
1.065829828125
1.0595759290322582
1.0405736945833333
1.0545511602083333
1.0432931210416667
1.0353463658333333
1.0389187497916668
1.034224774375
1.2273508161290323
1.1890468
1.3606981838709677
1.682378770967742
1.7541543516129032
2.0829198935483872
2.1776955193548386
2.415763470967742
2.434929083870968
2.2684897903225805
2.4604276096774194
2.377531835483871
2.4863687193548385
2.7098196258064515
2.656143441935484
2.7528898774193546
2.9757538032258064
2.9420799741935486
3.0552098451612903
2.954188012903226
2.901106435483871
2.936092622580645
3.028585258064516
2.9537982096774194
3.0768572548387096
3.1313435451612905
3.0957137806451613
3.0305136258064516
3.0824185387096774
2.9913490935483873
3.188719212903226
3.2702955451612903
3.180096590322581
3.0554612612903225
3.1921636483870968
2.9432896741935486
2.894784593548387
2.6819178548387095
2.632033464516129
2.8878895387096772
3.1224140225806454
2.7510736096774195
2.8370178322580646
2.7958197322580647
2.6233217967741935
2.331607393548387
2.3608866548387097
2.152436441935484
2.0891354451612902
2.1243543612903224
2.061279387096774
2.0457874903225806
1.8960091612903225
1.975894929032258
1.7372184
2.008396964516129
1.8745625516129032
2.091049306451613
2.413133483870968
2.120349422580645
1.9163712161290323
1.8815506483870967
1.8785852612903227
1.6401873677419354
1.5907014870967742
1.4906978
1.408465929032258
1.3712994129032259
1.817241122580645
1.498305893548387
1.5187882258064516
1.351419300625
1.5133187419354839
1.3831575032258066
1.2462202129032258
1.2665046451612902
1.2780320612903227
1.2016416595833332
1.1451452972916667
1.1507694451612904
1.1525083714583333
1.1475130079166667
1.0748610483870968
1.0596643622916666
1.0339696252083332
1.0448082841666666
1.0437672914583334
1.017594108125
0.9862478235416666
0.975488531875
0.9787397658333333
0.9866172979166666
0.9522312214583334
0.9512020366666667
0.9530981079166667
0.9449060447916666
0.9448626410416666
1.0232372967741936
1.2102478032258064
1.4983117032258064
1.5413739677419356
1.855186164516129
1.786418229032258
1.7060144032258064
1.9363734161290322
2.12538575483871
2.305637619354839
2.387151551612903
2.4419817580645162
2.4027834806451613
2.6447907096774195
2.789828377419355
2.715554493548387
2.6446836903225805
2.60727465483871
2.616157393548387
2.936976719354839
2.781958722580645
2.737724487096774
2.663513187096774
2.6960580258064515
2.962805919354839
2.938595635483871
2.7243974935483872
2.8585215903225807
2.771542335483871
2.827289464516129
2.7342588258064517
2.7191467677419356
2.7585893741935483
2.796224958064516
3.0051408096774193
2.9314841903225806
2.7977526387096776
2.9866592161290324
2.7852141419354837
2.6227912258064516
2.5088322096774194
2.3935078548387096
2.500578
2.515441735483871
2.490157990322581
2.2006502161290324
1.9735188870967741
2.078677877419355
1.9275438419354838
1.934550970967742
1.7979006451612902
1.8891317161290322
1.959212558064516
1.9051675967741935
2.0288399322580646
2.0819752129032256
2.1205409741935486
2.011801487096774
2.0281584451612904
1.9971570580645162
1.9581175032258065
1.8540111
1.8182950064516128
1.8105702774193548
1.8272281516129032
1.6502502225806452
1.6713438322580645
1.7935869903225807
1.853613329032258
1.6381040870967742
1.4484882548387097
1.4176104
1.5712102741935483
1.4636857580645162
1.545413193548387
1.4685646322580646
1.337869564516129
1.2286989193548388
1.1714232110416667
1.121606805625
1.1234020008333334
1.0963612041666666
1.1025090272916667
1.0669742391666666
1.091484208125
1.094521059375
1.0770410032258064
1.0467818729166667
1.059138422580645
1.0171871104166668
1.0141719079166667
1.0181461903225806
1.0008770204166666
0.9674495290322581
0.9926843032258065
0.9815111548387097
1.0271119967741935
1.042079858064516
1.0249206129032258
1.1461026193548387
1.3470026129032258
1.3085957516129032
1.2509340290322581
1.2925564064516128
1.6492525677419354
1.643591706451613
1.8780768322580645
1.670231
1.6389404838709678
1.543517829032258
1.5337731322580646
1.6296539677419355
1.857635670967742
1.562085577419355
1.6027718
1.8174284967741936
1.6367784677419355
1.6729083451612903
1.6887492322580646
1.6957619935483872
1.786842135483871
1.7705664548387097
1.5736059161290323
2.011070306451613
1.9673055096774195
1.6333496419354838
1.872312758064516
1.9394260483870969
2.1647962516129033
2.1790372741935484
2.338762735483871
2.1883988709677418
2.0759920258064515
1.7839839548387098
1.7508051548387096
1.7841881967741935
1.7822801483870967
1.6470432258064516
1.5203130032258065
1.550711806451613
1.8494669
1.6766197838709678
1.5376487322580645
1.6028224161290323
1.444987229032258
1.4827477967741935
1.6382740548387096
1.519965641935484
1.5519699387096775
1.6445247838709678
1.5422491774193547
1.557548977419355
1.4886041903225806
1.431970593548387
1.3636133225806453
1.1781284967741936
1.385252029032258
1.2970244451612902
1.2509797451612903
1.2774846161290323
1.4650342096774194
1.415596958064516
1.3606209225806452
1.5516153161290323
1.4039286032258065
1.3946293967741936
1.314490593548387
1.2345899612903226
1.4403494161290322
1.391490070967742
1.208333406451613
1.139035077419355
1.0023981741935484
1.1165481935483872
1.0589677322580646
0.9794730214583334
0.9629341991666667
0.9583656545833333
0.9272630272916667
0.921161958125
0.9287327258333333
0.92643542
0.9267701489583333
0.9177612258064516
0.8919985597916666
0.8769790945833333
0.878574739375
0.8978288741935484
0.994945164516129
0.9000532709677419
0.896942235483871
0.8833522193548388
0.9174590290322581
0.9210162903225807
0.8570434577083333
0.853068964516129
0.9173724967741935
0.9854569580645162
0.9864509806451612
0.9920331161290322
1.0157612580645161
1.0135794967741936
1.0820055032258065
1.1755231806451614
1.1274066322580645
1.290239141935484
1.3778215193548387
1.3357839322580645
1.3900140935483871
1.3977039870967742
1.4887008709677418
1.5857087
1.519361970967742
1.2267819741935484
1.3726696451612903
1.3781694258064516
1.6316295064516129
1.735038635483871
1.5029054322580646
1.4280039387096775
1.5206037774193548
1.416285335483871
1.5436148806451613
1.5554550096774193
1.6156888516129033
1.4635477161290322
1.4855858451612902
1.3332439032258065
1.3902071
1.5545796064516129
1.5693254451612904
1.7423252903225805
1.9384267548387097
1.8177889193548387
1.8802939741935485
1.8484462096774195
1.691787164516129
1.758017264516129
1.5227124419354838
1.4824673612903225
1.3940251838709676
1.4678889451612904
1.4266972
1.4337531225806452
1.2653029322580645
1.3097138387096774
1.3718940193548388
1.4094706580645162
1.429034235483871
1.3047090741935483
1.4258987
1.3269492677419354
1.4029543516129033
1.4742855258064516
1.5666341387096774
1.4931317096774193
1.455382212903226
1.3009219967741936
1.2351406548387096
1.4653921
1.2616165129032257
1.312423470967742
1.3849784838709678
1.1513832838709677
1.1361076096774194
1.2425929322580644
1.0940310129032258
1.0852123129032258
0.9867678806451613
0.9827721685416667
0.9613596645833333
0.955554208125
0.9442515360416667
0.92361200125
0.9202378208333334
0.909727693125
0.9172283
0.871081570625
0.87584582375
0.8462539435416667
0.84630622625
0.8465663660416667
0.8365946682
0.8351883083333334
0.8304916158333333
0.8200095256000001
0.8706573604
0.878202535483871
1.1974172806451613
1.191136606451613
1.3369312258064516
1.491033735483871
1.7220296129032258
1.8496328709677419
1.763844093548387
1.9528965096774193
2.110414448387097
1.9937142516129032
2.1664978806451614
2.2939623806451612
2.2668839322580645
2.373724248387097
2.3216091193548385
2.463078270967742
2.5047775677419355
2.445157735483871
2.574492551612903
2.9336833774193547
2.6453737032258067
2.491550709677419
2.597785909677419
2.554565829032258
2.7493224548387096
2.64844084516129
2.7145419677419356
2.994393748387097
3.0036746258064517
2.804561151612903
2.9630849064516127
2.923715577419355
2.964530583870968
2.7850304032258064
2.6924896967741936
2.6759406516129034
2.166250280645161
2.4492560903225806
2.6511404870967743
2.4989784967741935
2.2599138
2.3096452806451615
2.1622059806451612
2.235437058064516
1.9872559967741936
2.217854987096774
2.1055970580645162
1.982557787096774
1.9040476967741935
1.8936891677419354
2.0407841806451614
1.8675692
1.6336171935483872
1.721506841935484
1.6947209903225806
1.7328806129032257
1.733983835483871
1.6403544193548387
1.5118059322580646
1.349878029032258
1.4475229
1.493231477419355
1.5496591903225807
1.5244469064516128
1.4900286451612903
1.4680117580645162
1.3569441193548386
1.4563617258064516
1.5867313806451613
1.443847541935484
1.555532635483871
1.4659736483870969
1.2374651838709678
1.4909243580645162
1.3404547451612903
1.4227397838709677
1.2668721516129031
0.9695636516129033
0.8976984425
0.8981006485416667
0.889280270625
0.8781696514583334
0.855239665
0.8371326572916666
0.8359367125
0.8355442647916667
0.8318828358333333
0.8219145554166667
0.825237378125
0.8195513891666667
0.804148895
0.7944124158333333
0.8249699747916667
0.8222793791666667
0.803793525625
0.8803906483870968
1.0434731193548388
1.0586673516129033
1.0570892516129031
1.2204550451612903
1.5790659612903226
1.9832019
2.1358990096774195
1.937611229032258
2.068277819354839
2.1303948645161292
2.556889083870968
2.451211306451613
2.309264535483871
2.445570041935484
2.7866309967741936
2.7292119774193546
2.7466551032258066
2.9191762612903225
2.763819248387097
2.623866870967742
3.047809451612903
2.617641887096774
2.819487480645161
2.6102407677419355
2.687930070967742
2.7730223032258063
2.817228606451613
2.7973592
2.907857087096774
3.073161783870968
3.0303815677419355
2.859265287096774
2.875742506451613
3.0001772193548386
2.9644952161290323
2.9144307096774194
3.0683621709677418
3.0310189774193548
2.6135368322580645
2.516101641935484
2.539003364516129
2.140543341935484
2.1812865193548387
2.350722393548387
2.0838765548387097
2.3415815548387098
1.978755464516129
1.9502859387096774
1.885592229032258
2.015422606451613
2.0179582741935485
2.1860953806451615
2.050011
1.9762742096774193
2.0120998870967743
1.8313823806451612
1.5872697516129033
1.8690936779166667
1.74315193375
1.6128078096774194
1.6115867804166666
1.8738551664583334
1.821269723125
1.6972573806451612
1.6610658516129033
1.8609906822916666
1.8372018454166668
1.4766151419354838
1.4465335903225807
2.1211487441666668
1.7096546508333332
1.2725076096774193
1.2342349774193548
1.279217629032258
1.7613536897916666
1.0676440387096775
1.036952470967742
1.0184456741935484
1.5011475039583333
1.0829833903225807
1.043458793548387
1.0005211116666666
0.97974860125
0.9640509989583333
0.9589168970833334
1.372940518125
1.823883528125
0.9162379
1.596862295
1.4458808010416666
1.6101854860416667
1.5912421439583333
1.716908813125
1.6691299127083334
1.6681015483333332
1.5627762125
1.6375941525
1.489932225
1.5971837854166666
1.7976162290322582
1.5512715806451614
2.0608380612903225
2.0914117258064517
1.7600377774193547
2.0106112032258063
2.3315937935483873
2.3832211677419353
2.2629727838709677
2.439707287096774
2.4798760096774193
2.6493508838709676
3.0918490612903224
3.045172387096774
3.0757692741935485
2.987093474193548
2.9700535903225806
2.885661883870968
2.738240729032258
2.6929105225806453
2.8214699
2.7492139870967742
2.747200364516129
2.6438828483870966
2.6792768032258065
2.5984726516129033
2.9486822548387095
2.922572622580645
2.7377067161290323
2.642791235483871
2.564058751612903
2.5942313612903227
2.640891883870968
2.384431051612903
2.481309909677419
2.5614572387096772
2.425946777419355
2.1471385387096773
1.955281264516129
2.1464717451612905
2.3494053161290323
2.2078213322580647
2.036497358064516
2.0048436870967743
2.0617013032258065
1.9766215677419354
1.9395343419354838
2.005621493548387
1.891843693548387
1.9821037741935483
1.964421935483871
1.9413389935483871
1.8399913838709678
1.8216418516129032
1.8529419903225806
1.7290300483870968
1.6439055129032258
1.6233849096774193
1.5972771
1.6210607516129032
1.6858758129032259
1.6976844897916668
1.5674032608333333
1.5195172387096774
1.4113192096774194
1.3646035387096773
1.5687899741935485
1.5527727741935484
1.8309459483870967
1.5341342870967742
1.3991892193548388
1.4324977193548387
1.4656747096774194
1.3488212387096774
1.2512645193548386
1.1708443741935484
1.1935908322580646
1.1231655258064517
1.015123129032258
0.9872224164583333
0.9689184360416667
0.9650395475
0.93950223125
0.9428397795833333
0.9641450339583333
0.9446006062
0.9926371516129032
0.9339581870967741
0.9680996387096774
0.9356552855
0.9734176612903226
1.0703846741935483
1.1941371774193548
1.3894521387096774
1.437448064516129
1.3476313129032258
1.578228664516129
2.0757422483870966
2.0963939838709678
2.0647363387096775
2.1368999193548386
2.5838650258064515
2.680004
2.662997122580645
2.4962906451612903
2.5395041838709678
2.7775583548387095
2.636103158064516
2.7989587
2.792674587096774
2.986363012903226
3.1408263129032257
3.0752501387096776
2.918308487096774
2.9533583387096773
2.994591819354839
2.6842200741935485
2.7639946387096774
2.8419701838709677
2.983167080645161
3.0106108387096775
2.8931526129032257
2.7163966967741935
2.6447007322580647
2.8992224967741937
2.7446153548387096
2.7525818774193547
2.6747387612903224
2.867840377419355
2.755738264516129
2.663834612903226
2.623282058064516
2.4679771096774195
2.492240358064516
2.750805512903226
2.329202329032258
2.1727237677419353
1.9856095064516128
2.0716003677419357
2.054300906451613
2.053375993548387
1.8648106
1.6947282516129032
1.7038797903225806
1.6864196193548386
1.698221835483871
1.687765006451613
1.5776427806451614
1.716327764516129
1.6597970258064516
1.725880729032258
1.5480839903225807
1.3960535032258063
1.4133312
1.4181964774193547
1.4001282903225807
1.5719381967741934
1.537432335483871
1.4231361225806451
1.2529418419354839
1.2220465806451613
1.2491513161290322
1.3942134741935484
1.2056870806451614
1.1934459096774193
1.187512958064516
1.2203520225806452
1.2133887741935483
1.2074748741935484
1.0836282258064516
1.1607149483870969
1.1426946451612903
1.0266127127083333
1.0413562903225806
1.033429324375
1.0332066608333332
1.0179583220833333
1.0153897014583333
1.0071103616666666
0.981684116875
0.955422146875
0.9469682789583334
0.9051031752083334
0.9689977216666666
0.9563549647916667
0.9571317647916666
0.9428358202083333
0.936736320625
0.9446986914583333
0.9657789383333333
1.068271287096774
1.2683539387096774
1.3642802967741936
1.4000482903225806
1.4134637967741936
1.786188035483871
1.9780485806451613
1.8478985935483871
2.120040335483871
2.2717045903225808
2.287349041935484
2.6125885096774195
2.964848377419355
2.831854541935484
2.4514637967741937
2.503277474193548
2.4709960096774193
2.3755416193548387
2.598060351612903
2.589479087096774
2.407997393548387
2.6385180193548385
2.709158461290323
2.7492791032258066
2.8047927903225807
2.815120122580645
2.7370315741935483
2.810019758064516
2.729268029032258
2.889090351612903
2.7063243903225804
2.7918859
2.5817217161290325
2.7368558032258066
3.059078380645161
3.148265893548387
2.7063659451612905
2.6339839677419357
2.6536415129032256
2.412839812903226
2.180017693548387
2.055340635483871
1.9505233806451614
2.036222916129032
1.9467067290322582
1.6839634032258064
1.7200685903225807
1.7699898064516129
1.9518459096774194
1.6969820322580644
1.5078225870967743
1.5267511161290324
1.6322003483870968
1.5354208967741936
1.456572864516129
1.5609284838709678
1.7336012838709678
1.7579508774193549
1.5868135548387097
1.6281203161290323
1.6425269483870968
1.5478071903225807
1.443050877419355
1.4568035935483872
1.3221195516129032
1.2625486838709676
1.3483684870967743
1.2816796483870967
1.3031204483870968
1.4253841
1.3392766193548387
1.2919503903225806
1.2855688612903227
1.3356096096774193
1.2938876354838709
1.1382890161290322
1.321735906451613
1.3053633612903226
1.2931147387096775
1.197190722580645
1.1210158548387097
1.0220686
1.0226000709677419
1.0279754225806452
1.0339292193548386
0.9606644129032258
1.0149484451612902
0.9355494075
1.073934687096774
1.0118457516129031
1.0258754483870969
1.1845637129032258
1.0454613516129032
0.9573407838709678
0.9293845903225807
0.9020550775
0.890433925
0.9743969967741936
1.1497030483870967
1.0238346225806452
1.1092785741935485
1.1043336741935483
1.0849616322580644
1.2267785225806451
1.2336182483870968
1.299736964516129
1.3745294516129032
1.5203634322580646
1.7419588838709676
1.7920152322580645
1.6468500354838709
1.6868141516129032
1.8033282387096774
1.734123870967742
1.9109075387096774
1.8136834967741935
1.5422435580645162
1.601677470967742
1.7801148806451612
1.7523281096774193
1.806602164516129
1.5601008
1.674893664516129
1.7012840806451612
1.608836977419355
1.5615724161290323
1.6676002838709678
1.589178893548387
1.8632139967741936
2.0682397258064515
1.6912417258064516
1.4875831451612904
1.469219641935484
1.620834735483871
1.577757964516129
1.4599440258064516
1.4219875516129032
1.5307415451612902
1.4096736258064515
1.4228908806451612
1.5240609032258066
1.3349397387096775
1.4234551903225807
1.452961729032258
1.3767465935483871
1.4028442483870969
1.319540706451613
1.4852651387096774
1.6481878032258064
1.3650399677419356
1.2921063774193549
1.427098606451613
1.3564144548387096
1.358144564516129
1.2654030612903227
1.2992863838709678
1.3242347548387097
1.0944722904166666
1.1881817451612904
1.2259559225806451
1.1598946935483871
1.0871479570833333
1.1035754302083334
1.0923603616666666
1.0436479774193548
1.0975071967741936
1.0862769096774194
1.016538670625
1.1480048677419354
1.1447922483870967
1.0947536806451612
1.1097572677419354
1.0065650870967742
0.9421782967741935
0.8882539322916667
0.9541606290322581
0.9208867774193549
0.8940175202083334
0.8846110483333334
0.9010334954166667
0.901930899375
0.8777287514583333
0.874935755625
0.9347374516129032
1.0038356935483872
0.824280415625
0.833700745625
0.849640670967742
0.8230746645833333
0.8348709889583333
0.8323703491666666
0.814699251875
0.820783405
0.8167113475
0.8388937935483871
0.7628338377083334
0.8203461774193549
0.805275470967742
0.8304694419354839
0.9334143806451612
0.8348152064516129
0.9098583709677419
0.8991827774193548
0.9459764483870968
0.9487664193548387
1.0431117806451613
1.070138535483871
1.1510230322580646
1.116138064516129
1.2357904032258065
1.1390951193548386
1.1359878903225806
1.1720600612903225
1.2938428387096774
1.2713965870967743
1.2756580096774193
1.4183887516129032
1.4063790225806452
1.3821070677419356
1.4935752193548386
1.458715635483871
1.5013135387096774
1.5785134548387096
1.4315506741935484
1.4289110677419354
1.4560606161290321
1.4235879612903226
1.515564729032258
1.4218119645161291
1.377028293548387
1.8449890806451612
1.5944212838709677
1.4273463903225807
1.5538515096774193
1.518332929032258
1.3618603612903226
1.453301841935484
1.453118270967742
1.5747503096774194
1.5706187612903226
1.411550664516129
1.3071458838709678
1.3840720709677419
1.3627163516129033
1.3111491903225807
1.4743771258064515
1.485026422580645
1.312730570967742
1.4311501612903226
1.3120449
1.4138913387096774
1.3363754419354839
1.3626116870967742
1.3799720903225807
1.4975440548387098
1.3228097451612904
1.445005906451613
1.375239964516129
1.3674241741935484
1.1531638161290323
1.1708100903225807
1.145163558064516
1.2096040451612904
1.0171039129032258
1.0526250322580646
0.9705725516129032
0.987697371875
1.0657526774193549
1.0510574483870967
0.9360460352083333
0.9315745360416666
0.913855126875
0.874420443125
0.8759286241666666
0.8624958291666667
0.8653711452083334
0.8464875254166667
0.8608283964583333
0.834052238125
0.836619781875
0.82187394
0.826913280625
0.8054103614583333
0.7976927022916667
0.7906319175
0.7801440597916667
0.7916988004166666
0.015551173965691223
3.7120197161290323
2.4244795
2.4896432064516127
2.524792825806452
2.327228616129032
2.098298058064516
2.138067170967742
2.157259809677419
2.0180863258064514
1.9957012129032259
1.9420923193548387
1.8391537193548386
2.005775851612903
1.7578890096774193
1.7799674096774194
1.7055335387096775
1.6313164290322582
1.6298834387096774
1.6061948322580646
1.504792629032258
1.5303836548387098
1.5665628612903226
1.6552633322580645
1.7921208032258065
1.7609454612903226
1.6527641193548388
1.5225297838709677
1.5005422741935484
1.499287764516129
1.5651046516129032
1.3784830516129032
1.3944052064516128
1.2313893064516128
1.2837094193548386
1.3873694
1.3811311806451614
1.4017961677419355
1.3524610322580646
1.124283977419355
1.0264131
1.1512178516129032
1.0430073129032258
0.9713120741935484
0.9088095774193549
0.9877528322580645
1.0199113096774193
0.9889775838709678
0.8742507420833333
0.868172235625
0.84884044125
0.849842693125
0.8646127610416666
0.853674326875
0.8554088854166667
0.822532664516129
0.8362282483870968
0.8097277985416667
0.9085262419354839
0.9174486935483871
1.1492608258064516
1.2072867774193548
1.4377872677419354
1.6569045548387096
1.6375147451612904
1.6963700193548388
1.7875047548387097
1.8670734548387096
2.0849153838709675
2.2318565741935483
2.42918515483871
2.309701151612903
2.2008702483870968
2.299516212903226
2.4731621741935483
2.7474748
2.6703431064516128
2.6180777741935484
2.574613358064516
2.6826142129032258
2.7462827096774194
2.6781329451612903
2.6540980709677418
2.749030429032258
2.7937204967741938
2.7803399903225805
2.8307718161290323
3.028087519354839
2.964085993548387
2.9784117258064517
3.273296835483871
3.221058358064516
2.914443935483871
2.8015698258064514
2.7181645290322582
2.535824670967742
2.5033284451612903
2.5702848161290324
2.5556987903225807
2.5079760387096774
2.517593222580645
2.4214014806451614
2.3743340967741937
2.2739910322580643
2.215703329032258
2.281109364516129
2.1933336225806452
2.2452791612903225
2.075641216129032
2.157596658064516
2.0389591935483873
2.0355826032258064
1.9886810032258064
1.9555384741935484
2.0029926
1.891761341935484
1.8035896258064517
1.9464036258064517
1.770748564516129
1.8733724387096775
1.8830556483870968
2.095238174193548
1.9987679967741936
1.888021422580645
1.7622895677419355
1.6748929387096774
1.6149926612903225
1.5971733419354839
1.2354727838709678
1.3341142258064516
1.1801457483870967
1.2897925580645162
1.315153035483871
1.2320633612903227
1.2482133483870967
1.1951495322580645
1.1872666322580645
1.3125381032258066
1.1647505419354838
1.0297969483870968
1.1476511548387096
1.0402409096774194
1.0400499
1.0250831322580645
0.9566066903225806
0.8985433408333333
1.0573049193548387
0.9581309225806451
0.9006085977083333
0.8983211808333333
0.8838860279166667
0.890827121875
0.8787989729166666
0.882943615625
0.8950922164583334
0.9625479709677419
1.0442422096774193
1.2669739
1.3980047387096775
1.5206990064516128
1.6238634225806452
2.062347051612903
2.005556193548387
2.1912701161290324
2.3784023290322582
2.4041738516129034
2.4526314161290323
2.2759457
2.5058622903225807
2.6783712967741935
2.5369329741935482
2.5704816322580646
2.7351734
2.7123565677419355
2.8380421612903226
3.0511534032258063
3.103730177419355
3.160238070967742
3.0122585967741937
2.9600935774193546
3.044017835483871
3.114429538709677
3.2059858387096773
3.3020255838709676
3.353209448387097
3.4644162161290324
3.318341535483871
3.150326129032258
2.7930205032258066
2.6641932129032257
2.5902198967741934
2.7068466258064516
2.638666941935484
2.436312190322581
2.508166322580645
2.5225595387096775
2.5054498129032257
2.1804036903225805
2.2247418677419355
2.364631287096774
2.58525594516129
2.4506919806451615
2.1227363548387097
1.9527740806451612
1.8419476903225807
1.9032127451612904
1.8455270838709676
1.6511958129032258
1.7805716322580645
1.6760482161290322
1.6065302225806453
1.8557854806451612
1.7599728483870967
1.8924988741935485
1.7126952322580644
1.7299975806451613
1.6366986612903225
1.6027264612903225
1.6885787225806452
1.8120966903225806
1.7462342741935484
1.697861412903226
1.7895212806451612
1.8539149741935483
1.6859004806451612
1.772808264516129
1.6022296225806452
1.6040919612903226
1.4378641838709678
1.618623577419355
1.233693158064516
1.3040867258064517
1.1972645451612902
1.1951598612903225
1.3405211387096774
1.1896044
1.0431770838709677
1.0384964677419355
0.9420321
0.9639693580645161
0.9989370483870967
0.8632393010416667
0.8269290952083334
0.8300386387096774
0.8150475927083334
0.794890159375
0.7807353908333333
0.8897863516129032
0.7811898445833333
0.9117767612903226
0.9004407258064516
1.2069579032258064
1.2385081903225807
1.4373526516129032
1.4562637774193548
1.8273683741935485
1.9029319516129033
2.2050785193548386
2.2668824838709676
2.444142848387097
2.4043539709677417
2.5827801322580646
2.8059899774193546
3.249787087096774
3.0539187129032257
2.9035049677419353
2.9563942838709676
3.126687412903226
2.909644512903226
2.716317235483871
2.665314035483871
2.5962317419354837
2.5324286612903224
2.461219741935484
2.5497939677419357
2.5510065612903228
2.524898206451613
2.4838976322580644
2.666665219354839
2.6519384322580644
3.2217986096774194
2.596665635483871
2.9415829677419354
2.8617200516129033
2.6414761451612905
2.762616258064516
2.510461277419355
2.680177235483871
2.4836035967741936
2.330544448387097
2.2254786806451614
2.3550068580645163
2.2509113612903224
1.9967233516129033
1.8421153
1.813234364516129
1.6951019129032259
1.8591149096774193
1.8129918548387096
1.7187027258064516
1.741263970967742
1.9433197870967742
1.6339884967741936
2.0654161903225807
1.766050906451613
1.7293200870967742
1.5783070258064515
1.612169135483871
1.598892758064516
1.3815991774193548
1.479148441935484
1.482770835483871
1.434434070967742
1.4907329967741936
1.4871746483870967
1.4290462129032258
1.3168227419354839
1.2919336903225807
1.196072264516129
1.3096191580645162
1.2734987258064516
1.2552480580645162
1.2064111967741935
1.2659664548387097
1.3204384161290323
1.154417229032258
1.0641294032258064
1.0107993085416667
1.004602845625
0.981051234375
0.967348165625
1.0249683129032259
0.9421615366666667
1.0000409903225806
0.9592342525
0.9531223577083333
0.9597993177083334
0.94245886
0.9532095279166667
0.918661553125
0.9200361733333333
0.9216485697916666
0.9137220096774193
0.9023658366666667
0.8961479708333333
0.8993614352083333
0.8816027929166667
0.9058411129032258
0.9602992741935484
0.9431516354838709
0.8835908727083334
0.8609917954166667
0.994570015625
1.144698470967742
1.1832257838709677
1.176982841935484
1.3796912935483872
1.2688725258064517
1.1568511354838709
1.3051977483870967
1.1390093193548387
1.3060040258064516
1.3034569387096775
1.3831985064516128
1.3743906838709676
1.4310576516129032
1.427168264516129
1.6825596129032259
1.7379174870967742
1.7995284580645161
1.9414652419354839
1.7417744129032258
1.826269506451613
1.8897063580645161
1.863315929032258
1.3851631387096774
1.5797977096774194
1.4891888129032258
1.5912973580645162
1.4611573483870968
1.393181893548387
1.334192758064516
1.551345593548387
1.4019006516129031
1.5107832483870969
1.480421270967742
1.4569363677419356
1.4495314322580646
1.4314327677419354
1.4663021419354838
1.431172293548387
1.6239646419354838
1.3543485903225807
1.245717041935484
1.1173622354166666
1.1616460258064516
1.1494792129032259
1.181377941935484
1.1176987580645161
1.2374403387096775
1.1661644838709677
1.103698258064516
1.2141517032258065
1.1400434258064516
1.1558874
1.129290193548387
1.0723475129032258
1.1207591838709678
1.1099239612903227
1.1185434935483871
1.1006882516129033
1.0003141741935484
1.0006042161290323
1.0304488741935485
0.9609230838709677
0.9727430709677419
1.0187074193548387
0.996640849375
0.950819770967742
0.911740515
0.9054762108333333
1.0872789129032259
1.0885283322580646
0.9985971193548387
0.9815701096774193
0.937794064516129
0.8830908589583333
0.9012246967741936
0.8664299797916667
0.8629476945833333
0.87998356625
0.8765810120833334
0.8781990320833334
0.9526928129032258
0.8386960741666667
0.8967418
1.0016129225806452
0.9399803774193548
0.9393545774193548
1.1214673387096774
1.0361859096774193
0.977644629032258
0.960039335483871
0.9169255548387096
1.0120441870967742
0.9243513516129033
0.7639812725
0.774248046875
0.7674795008333334
0.7666211310416666
0.8077162422916667
0.7385092108333333
0.78611994375
0.8275805695833334
0.8305510922916667
0.865045706875
0.9779354032258064
0.8899365829166667
0.9540082677419355
1.1091916935483872
1.0041455129032257
1.0249605096774193
0.9429488451612903
0.9833410387096774
0.9739574806451613
0.9957826483870967
0.9819202
1.1714433322580644
1.1450703258064516
1.0072255322580645
1.0163395322580646
1.0724024741935483
1.0692448193548387
1.1407358
1.2282684741935483
1.3512493419354838
1.4895000806451613
1.2236575096774194
1.2649154774193547
1.1865858677419354
1.2797968096774193
1.3191703129032257
1.3802249548387098
1.4405300806451613
1.3460374258064516
1.4895457903225806
1.3806372516129033
1.595274541935484
1.4456748838709677
1.2321156
1.3015305580645162
1.3215993129032257
1.1986685096774194
1.2439404903225806
1.1881842838709678
1.251457341935484
1.2155360806451614
1.2845917096774193
1.2538836258064516
1.2783337032258064
1.3317349129032259
1.3956562580645162
1.2767583290322582
1.3440098387096775
1.2696942258064516
1.3171175032258065
1.4877726967741935
1.4705652064516128
1.4325561193548386
1.3008263967741935
1.2844553
1.239746
1.2282118838709677
1.3571117322580646
1.2993631193548387
1.1785302806451612
1.0633227580645161
1.1622208548387096
1.1949637838709677
1.0301717
0.907697829032258
0.895662168125
0.85134081125
0.8888834058333334
0.817481094375
0.8630382152083333
0.8420766039583333
0.8418319983333333
0.8286678833333333
0.830338948125
0.8726704666666667
0.7945417127083333
0.7855076325
0.7998248745833333
0.7826769502083334
0.78677555375
0.7636656975
0.7574308802083334
0.7599505795833333
0.7697997064516129
0.8179779290322581
1.2623038
1.3964222774193549
1.536642929032258
1.6329699903225807
1.6744724709677419
1.7470904387096775
1.8615885483870969
1.754240706451613
1.9807429677419355
2.161413490322581
2.1928669032258066
2.292560048387097
2.2683606387096775
2.383272135483871
2.5782417258064516
2.503294880645161
2.5170561225806454
2.7546051161290324
2.702430477419355
2.993818370967742
2.822872590322581
2.7573593516129034
2.5903846
2.823325529032258
2.747726035483871
2.7283164548387098
2.7719167258064514
2.8225753032258063
2.8156122322580646
2.8809556806451613
2.7853231677419354
3.00535285483871
2.769894580645161
2.9650286838709676
3.2421042677419356
2.8575070677419356
2.5027713806451612
2.4861006290322583
2.4903720258064515
2.4452386322580644
2.353702658064516
2.1716597322580644
2.287968664516129
2.028148470967742
2.0200491677419357
2.1418363
2.3192104
2.0504486967741937
1.8717359322580644
1.6688977870967743
1.6177790225806452
1.6616096612903226
1.6759865419354838
1.5778700580645162
1.531719970967742
1.6378156709677418
1.5828945903225806
1.601028629032258
1.556985029032258
1.5448296483870967
1.5896548580645162
1.7914685161290322
1.8262644322580646
1.7245696387096774
1.6583696483870969
1.5616184903225807
1.6307833161290322
1.502031129032258
1.5009888483870968
1.5244668580645162
1.3590406354838709
1.279975122580645
1.3758229483870967
1.562457793548387
1.5886809709677419
1.3445385903225806
1.388792241935484
1.333524158064516
1.2460952322580645
1.2232912838709677
1.0512361129032257
1.0544797580645162
1.0068094161290322
0.9602678903225806
0.8214740709677419
0.9170162580645161
0.7819870279166666
0.78132700125
0.7853440816666667
0.8035806672916667
0.8326932935483871
0.8432279483870968
0.7818502570833333
0.8453817967741936
0.900488070967742
1.0273576
1.345095464516129
1.3444705677419355
1.541964941935484
1.6131330451612904
1.8761453741935483
2.140011687096774
2.2454070387096774
2.365436848387097
2.4782324193548386
3.0617568032258062
2.9202013032258063
2.8725211806451614
2.980553235483871
2.9171932838709678
2.9100715096774192
2.8633083161290322
2.763195441935484
2.6140463516129033
2.7648306806451615
2.7823318387096774
3.007624051612903
3.044582870967742
3.0134779096774196
3.0353143258064517
2.9531640741935483
2.9776674806451613
2.920301970967742
2.8351645709677418
2.9215225483870966
2.8117692838709676
2.8508382129032257
2.9067808967741935
2.7717589129032256
2.4493326322580646
2.499841377419355
2.4898732032258066
2.5656368548387096
2.7033301806451613
2.6731728064516127
2.483588
2.2701662032258065
2.1584412161290323
2.0309444258064517
2.014220706451613
2.042259064516129
1.9446089322580644
1.903997629032258
1.7877109967741935
1.6491477225806452
1.711926129032258
1.7715924
1.762402758064516
1.6632748322580646
1.8869582774193547
1.7611203193548388
1.7158512516129032
1.5028682451612903
1.5087912193548387
1.4588772580645162
1.5586248193548387
1.556409306451613
1.521923570967742
1.5844792225806452
1.7016949387096774
1.4982008741935484
1.3574578129032258
1.3683193548387096
1.2819301548387096
1.5632058483870968
1.3641205
1.1461637483870968
1.0660795419354838
1.3187676161290323
1.141300464516129
1.2067801451612903
1.031394464516129
1.0237134516129032
1.0307162387096773
0.8812542580645162
0.8297913375
0.9549244709677419
0.8316463370833334
0.810102801875
0.8105309447916667
0.7770856175
0.8282511866666666
0.7686257991666666
0.7711115139583333
0.7392621241666667
0.7362734904166667
0.83174533875
0.8432785548387097
0.7469051358333333
0.7873050451612903
0.8134290064516129
0.8383167838709678
1.073988370967742
1.271979035483871
1.4505468612903225
1.6367382096774195
1.662327241935484
1.7555164225806452
1.9975517612903226
2.084991751612903
2.0439104483870967
2.082519383870968
2.3083590322580645
2.307749193548387
2.272465887096774
2.462470264516129
2.6010895806451613
2.647371
2.6612496064516127
2.4897874096774193
2.5580158838709677
2.3385991129032258
2.3550572838709676
2.373244106451613
2.531157116129032
2.5553568741935484
2.799547864516129
3.0868295967741934
3.1945906612903228
2.9322509451612904
2.8711028741935483
2.955325893548387
2.7576114903225806
2.8004700451612905
2.3684631838709675
2.421969593548387
2.2778800483870967
2.171093425806452
2.0999556193548385
2.2617054
2.3475339064516128
2.129830741935484
2.0737594612903227
2.1141757741935483
1.8919376548387097
1.7940221451612903
1.7792367677419354
1.6944284064516129
1.700095429032258
1.774468541935484
1.552691693548387
1.5559224516129033
1.5030340451612902
1.5103918064516129
1.599288
1.4913003903225805
1.4078112870967743
1.4285515548387098
1.4958333548387097
1.5249626064516129
1.6983110903225807
1.5830366193548386
1.5838042677419355
1.3532972483870969
1.3095302741935484
1.4445315677419355
1.307636364516129
1.1042146039583334
1.1112415903225807
1.0994078161290322
1.1915948032258064
1.1440422032258064
1.099177264516129
1.0023549967741936
1.0112946870967743
1.0056978612903227
1.0621096129032257
0.9819381580645161
1.0419516096774193
0.9844903258064516
1.1571790870967742
1.092664406451613
1.1244659129032257
1.1817945967741936
1.1365596258064516
1.1103631193548387
0.9525253967741936
0.9850105516129032
0.9927958709677419
0.9255135225806451
1.071960970967742
0.9939429774193549
0.9881161548387096
0.9537544967741935
0.9466290903225807
1.0627141838709677
1.1046616290322582
1.1981058451612903
1.4314523580645162
1.6965390741935484
1.6543951903225806
1.7435890516129031
1.868744064516129
1.9259695419354839
1.8846976096774193
2.239280006451613
2.3526502258064514
2.5434256903225805
2.5029123322580644
2.4984196322580647
2.4186572064516128
2.407068851612903
2.3888141806451615
2.5304850548387097
2.4950566387096775
2.4306502451612904
2.7422801290322583
2.782585064516129
2.524776858064516
2.706615351612903
2.618836358064516
2.8320981516129033
2.8333165483870966
2.8100642
2.7469992032258066
2.596012435483871
2.613416564516129
2.596209064516129
2.776751341935484
2.6067858032258067
2.394622870967742
2.371986529032258
2.37517955483871
2.391094087096774
2.396834035483871
2.2933396645161293
2.1754794677419356
2.2760550741935486
2.36017614516129
2.2826698741935485
2.2707022258064518
2.0288879967741935
1.8056745322580645
1.560847764516129
1.6067927
1.6443617161290323
1.5687803548387096
1.4972926483870967
1.6125732741935483
1.6187331419354838
1.642076558064516
1.4946067967741936
1.5212553290322581
1.6026495451612903
1.6648201
1.616477364516129
1.6738419548387096
1.7033951129032259
1.7009534129032258
1.4778968516129032
1.585062035483871
1.394858141935484
1.4684412903225808
1.4266046774193548
1.354291270967742
1.1135267612903226
1.295275293548387
1.3953351967741936
1.2910753516129032
1.358519493548387
1.3822632387096774
1.3888615322580644
1.3262587129032257
1.2282126032258065
1.1401829161290322
1.0281132677419356
1.2723454387096773
0.8920443096774193
0.8641229516129032
0.8641434387096775
0.8402386225806452
0.7823280290322581
0.8709525064516129
0.907672064516129
0.9847030967741935
0.9148941580645161
0.9023259290322581
0.8415956129032258
0.8660763483870968
0.9339395064516129
0.9857330354838709
1.1388045290322582
1.1855923806451614
1.2739696193548387
1.3969149387096773
1.3861584419354838
1.5395306677419356
1.4606084580645162
1.8779770612903226
1.9097190677419356
1.762051758064516
1.8290522258064517
1.7862145129032259
1.865511135483871
2.025732148387097
1.9618106193548388
2.207515506451613
2.3535613516129033
2.4887621774193547
2.297995241935484
2.437079470967742
2.5725930290322583
2.5561069258064517
2.623520235483871
2.7249037580645163
2.6233388451612902
2.62667335483871
2.683589380645161
2.5957452548387097
2.3865520612903226
2.4372808225806453
2.391554641935484
2.583396864516129
2.590543129032258
2.459750470967742
2.4202599806451612
2.5550535870967743
2.347448470967742
2.4768092258064516
2.536663241935484
2.419808135483871
2.2896900741935484
2.073652629032258
1.8781350548387097
2.0186031161290323
1.9500920258064516
1.9167739161290323
2.157349416129032
1.951401670967742
1.681900806451613
1.5029642064516129
1.5628194903225807
1.4236407516129033
1.4624142096774193
1.2772912516129031
1.303691835483871
1.3486997096774194
1.6972695258064516
1.6983141741935484
1.6401719387096774
1.2911221516129032
1.358108106451613
1.3962599290322582
1.2782259677419354
1.2837172161290322
1.2050565741935484
1.179197435483871
1.1648138419354839
1.3249026387096774
1.2477308419354838
1.313096970967742
1.1748908548387096
1.161992312903226
1.178295012903226
1.2201325322580645
1.0496415096774194
1.1774363161290322
1.095786335483871
1.0511632
1.2801922548387097
1.1557832903225806
1.117473464516129
0.8898315125
0.907682819375
0.9399959709677419
0.888767324375
0.85126721875
0.8210798141666666
0.7995744235416666
0.766874991875
0.7688573429166666
0.7588933870967742
0.7854369339583334
0.7226455383333333
0.8135167903225806
0.7779166032258065
0.9664974129032258
0.7552523193548387
0.8423792193548387
0.7924242677419355
0.8109606322580645
0.9077649451612904
1.0989612258064516
1.1660776032258064
1.2748549903225805
1.2515132161290323
1.1818170935483872
1.2699980612903226
1.4943064
1.2901586032258066
1.3276146193548386
1.3549489967741934
1.3509799806451612
1.568035570967742
1.6439136838709678
1.573771341935484
1.4020455806451613
1.511310558064516
1.5909010161290322
1.4243951612903225
1.3438901225806452
1.2206110483870967
1.4060873419354838
1.5922853935483872
1.6346926548387097
1.563616522580645
1.3496289741935483
1.2376812258064516
1.4081347096774193
1.3173172096774193
1.446692122580645
1.4954932419354838
1.4259455
1.489861593548387
1.5233507709677419
1.419658129032258
1.4404363
1.5994490806451613
1.5989716483870968
1.5362115741935485
1.587565964516129
1.6012751516129031
1.6689828516129033
1.503213064516129
1.536135393548387
1.3605594225806452
1.4299493548387097
1.3938173193548387
1.1818736806451613
1.0968304258064516
1.166097193548387
1.4128661161290323
1.2283600838709678
1.2773725161290324
1.3924253258064516
1.448067793548387
1.3687080612903226
1.3188855193548388
1.467986722580645
1.5185799903225807
1.3575973
1.2244899129032258
1.200660922580645
1.293195087096774
1.2672565161290323
1.2517025774193549
1.1058272387096775
0.9933344193548387
1.0727005
1.0038917483870968
1.0613405161290324
1.0237811129032257
1.0556051129032258
0.9642496096774194
0.8675234838709678
0.9323323806451613
1.0570685709677419
0.9360675870967742
0.9408753548387097
0.8777503161290322
0.802270676875
0.8266977709677419
1.1320857967741935
0.9275519903225806
0.8069593108333334
0.7489671725
0.7728910933333333
0.7791351070833333
0.7731863072916667
0.8027917891666667
0.7854510145833333
0.7909043933333333
0.7696957864583334
0.7518295779166667
0.7372676247916666
0.732257793125
0.738954105
0.740882650625
0.7475388041666666
0.7629115645161291
1.0051077903225807
0.8574138322580646
0.9141573451612903
0.9024100870967742
0.9057935741935483
0.8991118516129032
1.0828676516129032
1.1498849870967742
1.0933921548387098
1.0926927096774193
1.143412770967742
1.1082306774193549
1.227223841935484
1.1058424838709677
1.1715650483870967
1.190623458064516
1.2285258677419355
1.214767170967742
1.148609264516129
1.2538763709677418
1.2227295064516128
1.259638629032258
1.1239928451612904
1.2588920225806453
1.3734120774193548
1.1856683870967741
1.1811912870967742
1.2711364741935485
1.2498329903225807
1.1056264387096775
1.1739385483870968
1.2148783580645162
1.2605397806451613
1.455733022580645
1.2503728064516129
1.2216578483870968
1.191797235483871
1.1016977
1.207629606451613
1.1602230129032258
1.1376142387096775
1.214145170967742
1.1202411387096773
1.0252471716666667
1.2098139161290322
1.1622952290322581
1.1301470903225805
1.2021245612903226
1.1917059967741936
1.302010522580645
1.2581358096774193
1.2774931483870968
1.3336212
1.3042955096774194
1.3248873935483871
1.3220850870967742
1.3381314967741935
1.374657512903226
1.3642211709677419
1.3025365516129033
1.247341935483871
1.2736899193548388
1.152761670967742
1.0166148935483872
1.1249642
1.1311168064516128
1.0638676612903226
1.2021243806451614
1.0806815225806452
1.0272077677419356
1.0795926387096775
1.0988211935483871
1.0626343741935484
0.9488183
0.8340325064516129
0.8375812387096774
0.8360306658333333
0.7931238967741936
0.8353243677419355
0.8045378514583333
0.7586430389583333
0.72443636375
0.811895021875
0.78375512625
0.7159179967741935
0.6896213833333333
0.6598421903225806
0.732916170967742
0.8323602516129033
0.776680740625
0.8979823322580646
0.9324470193548388
1.0053339935483872
1.251886335483871
1.3008340129032259
1.5164337677419355
1.6684947258064515
1.7076831967741934
1.917966564516129
2.1138953451612905
2.0765530677419353
2.2216651032258063
2.192518448387097
2.3419517741935483
2.330940064516129
2.4338693935483873
2.5099648161290324
2.7041536903225807
2.7287868032258062
2.7657060741935484
2.706712035483871
2.9132440419354837
3.018558490322581
2.8430224322580644
2.993682329032258
3.062117406451613
2.960249748387097
2.9094765419354838
2.823760141935484
2.6544238516129033
2.6845398677419356
2.741631106451613
2.7591676516129033
2.5750162322580645
2.6738836741935486
2.5465557709677418
2.535663229032258
2.634098422580645
2.3476860903225805
2.518458458064516
2.357884635483871
2.452053319354839
2.700988241935484
2.6979102096774192
2.7489384516129034
2.5498335161290324
1.953345277419355
1.9537878806451614
1.9107992516129033
1.8442370322580646
1.8634400032258065
1.9630332
1.799074435483871
1.9946380774193548
1.7769916903225806
1.6712145064516128
1.6959190806451614
1.5974345483870969
1.746716770967742
1.523189864516129
1.4926109419354838
1.5046344548387096
1.6253638935483872
1.5489158451612903
1.470734793548387
1.526783764516129
1.3630617225806452
1.4834768096774194
1.4949561419354838
1.3982964064516128
1.4529163838709678
1.3615385806451612
1.2309866225806452
1.2591929516129032
1.2154281548387096
1.2634026838709678
1.1432210419354838
1.274803106451613
1.2292683
1.1620283967741936
1.142770641935484
1.1342151483870968
0.9609753161290323
0.8503232483870967
0.8364666
0.9114047387096774
0.9142313548387097
0.8819908838709677
0.8707049032258064
0.8718110387096775
0.9399072774193549
0.8315470870967742
0.8010363612903226
0.8621274612903226
0.8274786612903225
1.0484624645161291
1.192253070967742
1.1136453903225807
1.185515658064516
1.3849768483870968
1.571434477419355
1.6757558161290322
2.278091009677419
2.0838629483870967
2.060019806451613
2.1178669064516127
2.3225273161290323
2.408609590322581
2.429878070967742
2.6279249580645163
2.721682616129032
2.7461624419354838
2.8970478
3.4635994129032257
2.893955993548387
2.6173921129032256
2.7050858580645163
2.904093222580645
2.6338321419354838
2.5482265774193547
2.7010724032258064
3.1655862032258066
3.0208862870967743
3.029828325806452
2.6790123322580643
2.6634879612903224
2.719857812903226
2.5665287548387097
2.8308200741935483
2.7071247032258063
2.6666117096774196
2.7080441677419356
2.897567487096774
2.6198548548387097
2.6153121
2.583772712903226
2.3886032225806453
2.237513264516129
2.379263035483871
2.3356201322580645
2.08767325483871
2.134396712903226
2.0063138612903226
2.0560448032258063
1.7242146548387096
1.6255703193548388
1.6421933677419356
1.7076235322580646
1.7417147322580646
1.5605825709677419
1.6455253451612903
1.7257738903225806
1.6040544225806452
1.6960148516129032
1.619343341935484
1.6371341903225807
1.6117688
1.5388687806451613
1.6459040774193547
1.539513258064516
1.5328812322580645
1.3136242677419354
1.4180326774193548
1.4914917580645162
1.6000436806451612
1.4012481935483871
1.3849743161290322
1.231064435483871
1.273598135483871
1.1704819612903226
1.300533822580645
1.1834534193548387
1.225443664516129
1.0230780387096774
0.9940597967741935
1.0451007483870969
1.0153939516129031
0.9630041774193548
0.9883662935483871
0.9340768193548387
0.9359493193548387
1.0002679096774194
0.9153781096774194
0.9658698
0.8679089089583333
0.8318066580645161
0.8657161032258065
0.8738012548387096
0.7997863683333334
0.8331797866666667
0.8794684612903226
0.784185664516129
0.7819204419354838
1.048029122580645
1.2628940516129032
1.4318744612903225
1.5727094709677418
1.5831550677419355
2.1040728258064516
2.0991509612903227
2.101088580645161
2.2865868258064515
2.365181635483871
2.3461426322580645
2.463532661290323
2.463147206451613
2.612615548387097
2.5805586387096775
2.6186201258064514
2.5482238451612904
2.7307710322580645
2.6287666161290324
2.7411574967741936
2.729483522580645
2.584383270967742
2.5438817129032256
2.4845660483870966
2.6632479967741935
2.5999018258064517
2.788645883870968
3.0308618967741934
3.080676087096774
3.1248891032258066
2.9671870516129033
2.838628777419355
2.924713409677419
2.7064834774193547
3.120679190322581
2.9433036451612904
2.7264894838709677
2.765207251612903
2.8173067870967743
2.757460029032258
2.6315070612903226
2.6127401612903225
2.427399358064516
2.3704622967741935
2.2390474677419356
2.0881332612903227
2.0602420032258064
1.8829859967741935
1.9128857903225807
2.174483993548387
1.815404358064516
1.9258980677419355
1.7921082838709677
1.7547290032258065
1.798461141935484
1.8385502322580645
1.893253641935484
1.8536156806451614
1.7361701419354838
1.7349938322580645
1.7299437032258065
1.8565825129032258
2.0709511612903224
7.010822516129032
2.2391811516129034
1.5858723129032257
1.5718222903225807
1.4250617741935483
1.3996795193548388
1.3300706451612903
1.3654305
1.2965394
1.1416561838709678
1.3576479161290322
1.1828466709677419
1.2206957483870968
1.2524949
1.2931793129032259
1.2670069193548388
1.1781063741935485
1.1353448548387097
1.0346522958333333
1.02092038625
0.982888321875
0.9584257404166666
0.9313070866666666
0.91895308875
0.9288021472916667
0.937332735625
0.9235351520833334
0.9027349722916667
0.894132161875
0.8479544580645161
0.8836599552083333
1.1675087806451614
1.3852725161290322
1.4352058903225806
1.408261858064516
1.5418479387096775
1.736280070967742
1.7901739258064515
1.9960244451612903
2.1017849419354837
2.2675149967741937
2.1513490032258065
2.2584055258064515
2.2781505096774195
2.420610070967742
2.3469198967741938
2.3284519096774194
2.4365536258064515
2.7024489806451615
2.5528672741935483
2.5965179741935485
2.641448758064516
2.6497728
2.7873121258064515
2.8158438677419353
2.844409
2.952556958064516
2.7544846677419357
2.7590000387096776
2.796171087096774
2.708012793548387
2.877238435483871
2.775988048387097
2.6224950096774196
2.4683076032258064
2.452602393548387
2.4719724290322582
2.5616037967741936
2.316112419354839
2.262113890322581
2.4594613451612903
2.551625648387097
2.3919718387096776
2.396364780645161
2.3029396096774195
2.144846122580645
2.1497110322580646
2.0152323258064517
1.946502664516129
1.8575150451612903
1.797772770967742
1.744633135483871
1.7362711838709677
1.7940036451612904
1.8288224161290323
1.6060640516129032
1.5757900387096775
1.5398150967741935
1.5964561258064516
1.634385564516129
1.5739685129032257
1.7450973064516129
1.666848241935484
1.8772645612903225
1.861767035483871
1.8597247580645162
1.6126137193548387
1.607899
1.5404519580645162
1.4385717806451612
1.4322227322580645
1.3386914548387097
1.2996315774193548
1.5487375516129032
2.1535198838709677
1.5923853483870967
1.0687053548387098
1.168042241935484
1.130658064516129
0.9717384929166667
0.9652066922916667
0.94800320375
0.92946280625
0.9359958725
0.9531279108333334
0.9475815870833333
0.9052419366666666
0.8825485910416667
0.88333775
0.8379476710416667
0.9214651970833333
0.9059050914583333
0.834149975625
0.8464878420833334
0.8734856685416666
0.8384542916666666
0.820363099375
0.800414735483871
0.9721065677419355
1.2054345870967742
1.2453820096774193
1.4314340322580645
1.4041207032258065
1.6028363741935483
1.926276270967742
1.8420929838709676
1.8533513870967742
1.9980458677419355
2.154585383870968
2.0617408387096776
2.2263337548387097
2.3654638806451613
2.3830642774193547
2.3192807806451614
2.379229109677419
2.548925093548387
2.7195220580645163
2.6053087419354837
2.6140445387096776
2.495423229032258
2.400323819354839
2.7551714096774194
2.7315880258064515
2.721113577419355
2.665405093548387
2.8915180935483873
2.9330438
2.6999046096774193
2.7941964612903227
3.096265577419355
2.8535023064516127
2.712177706451613
2.6090405032258066
2.6089438161290324
2.485334612903226
2.3206000322580644
2.497081135483871
2.4764656741935482
2.5775294096774193
2.5555117774193548
2.4909600967741934
2.239466477419355
2.067653293548387
2.080165829032258
1.903632670967742
1.899202
1.7075774548387097
1.6055414677419355
1.7317496387096774
1.7019292903225807
1.7040637193548387
1.6158871096774194
1.547720670967742
1.4242899451612903
1.3710750387096775
1.425155
1.5350691741935485
1.450076706451613
1.333336235483871
1.2827121322580646
1.3356054322580646
1.3194710516129031
1.1553835
1.1443331451612904
1.2055785866666666
1.2035357838709677
1.2873845838709677
1.187461806451613
1.2863660774193548
1.1110806967741935
1.154947441935484
1.0147373129032258
1.0179444903225807
1.061309135483871
0.994777485625
0.98647334625
0.9329145625
0.8920589035416666
0.890791005625
0.8744706877083334
0.8584078866666667
0.866590250625
0.8358014408333333
0.821861358125
0.819841846875
0.8268886791666666
0.857234550625
0.8610474527083334
0.8581223960416666
0.8609833254166667
0.81249968375
0.8074417404166667
0.829010589375
0.8245040052083333
0.823629948125
0.8212952616666667
0.8236087685416666
1.1283830580645162
1.042538229032258
1.0625083129032258
1.2014269290322581
1.1336803967741935
1.149963170967742
1.0088756548387097
1.1663095967741937
1.0850779129032257
1.0800745967741936
1.2354290741935483
1.324896829032258
1.3513055774193548
1.475887035483871
1.4484385612903226
1.3563930516129032
1.3568621258064517
1.4386049774193548
1.4124830193548388
1.306295535483871
1.4528505322580645
1.4592447516129032
1.5516827967741935
1.4348754
1.4162563096774194
1.3095885032258066
1.299048041935484
1.6562934548387096
1.6524684451612903
1.6405029806451612
1.437406706451613
1.5402917838709678
1.402710564516129
1.5141324548387096
1.384229335483871
1.4328037290322582
1.4449348096774193
1.5741011129032259
1.5239176096774194
1.5470235741935483
1.407750693548387
1.4070095419354838
1.2852225935483872
1.396909670967742
1.472457106451613
1.2780959
1.3418706870967743
1.2824587322580645
1.2658839322580646
1.1440670483870967
1.2536815677419355
1.4116034483870967
1.1895142483870969
1.2648215161290322
1.1614532129032258
1.2124159774193548
1.1308398161290323
1.135396906451613
1.1783713870967742
1.1844430903225807
1.1313810838709677
1.12984510875
1.1644972641666667
1.14183493875
1.1312438733333334
1.0985502877083333
1.1565880083333333
1.2573216160416667
1.2229385729166666
1.1053939722916666
1.038914005
1.1621526548387098
1.1072585967741935
0.9938702419354839
0.9790289710416666
0.9580919135416667
0.933388451875
0.9237978808333334
0.9059284979166666
0.8671455460416667
0.840327284375
0.851892205625
0.8563593579166666
0.8592590520833333
0.8369844066666666
0.824401230625
0.8358108360416666
0.8359195147916667
0.832416470625
0.8228551639583334
0.8271884152083333
0.8195186814583333
0.8111639454166667
0.8281580535416667
0.8382882572916667
0.8301824495833333
0.8919969741935484
0.8904009096774194
0.8830229967741936
1.022220964516129
0.878805470967742
1.009563664516129
0.9283644483870968
0.9105249903225806
1.032411158064516
0.885300370967742
0.977740035483871
0.9983556903225806
1.0046866032258064
1.0467860483870968
1.0785367612903225
1.0876465870967742
1.1754635032258065
1.0918049806451613
1.147916535483871
1.1471468903225805
1.2606137870967742
1.2883550354838709
1.2807211870967743
1.257580387096774
1.2025036645161291
1.1723034870967741
1.1412513193548388
1.2499370967741936
1.1940374193548386
1.2255753580645161
1.2681315483870967
1.3492770838709678
1.3477773322580646
1.4201322870967743
1.279234135483871
1.3350072096774193
1.3265498483870968
1.3243802258064516
1.4218525967741935
1.5181274161290323
1.4653003225806451
1.4971243161290322
1.4402306032258065
1.4387259612903225
1.4461524774193548
1.4684717580645161
1.3018024612903225
1.2340905903225807
1.2481643677419354
1.2361608032258065
1.3542393935483872
1.5657563967741936
1.4771495193548387
1.407858264516129
1.401250370967742
1.5011141967741934
1.5296798580645161
1.3944271548387097
1.324005470967742
1.3479717806451612
1.365118693548387
1.332465377419355
1.198488206451613
1.2194980322580644
1.1750660709677418
1.2030792225806453
1.1008692806451612
1.1578437161290323
1.036149629032258
1.0095270322580645
0.9627754419354839
1.0607745677419356
1.0472699935483871
1.1341532967741936
0.977069908125
0.9362644032258064
0.913607193125
0.8945803322580645
1.0255478516129033
0.8973659612903225
0.8371197245833333
0.8175003290322581
0.8740853161290323
0.840694635483871
0.8296707677419355
0.7978852419354838
0.7449071458333333
0.7378643666666667
0.7159750916666666
0.7233226210416667
0.6979822225806451
0.673139155625
0.7837535806451613
0.8720627967741935
1.0126474967741936
1.1129216451612902
1.1943856870967742
1.2544947322580646
1.3212898612903226
1.2601882483870968
1.2747098838709678
1.353803870967742
0.7650886193548387
1.626290435483871
1.5814041032258064
1.400311664516129
1.5554060258064517
1.6077633225806451
1.5780957032258065
1.7723571483870968
1.7116021580645162
1.8596166419354838
1.8538514870967742
1.9325355387096774
1.9872150096774193
1.9510285548387096
2.069954229032258
1.9730503516129032
1.9074542225806452
1.8518886483870969
1.9351468483870968
2.055267358064516
2.0570290258064516
1.9484752838709678
2.051666558064516
2.0359952677419355
1.9910015419354838
1.979760364516129
2.162178958064516
2.1705322096774196
2.0334489
2.122785877419355
2.117296606451613
1.9593854193548388
1.7599254967741935
1.8913679032258064
1.5997171774193548
1.5835762612903226
1.5933447225806452
1.4679747419354838
1.4624668064516129
1.4550087258064517
1.3594380677419355
1.546021941935484
1.4673192
1.4618284967741935
1.326717270967742
1.262063464516129
1.3266069903225806
1.326467135483871
1.2520394322580646
1.3012339935483872
1.292470077419355
1.3134992935483871
1.3559002096774193
1.3604311806451612
1.3064642193548388
1.3382883935483871
1.4108729967741935
1.204926329032258
1.210090535483871
1.1272618774193548
1.1574166116666667
1.1253665161290323
1.0577600387096775
0.9731225451612904
0.9661172864583333
1.0448502451612902
1.0010420829166666
0.9857597477083333
0.9616114054166667
0.930879389375
0.8924909704166667
0.8963066595833333
0.8498124683333333
0.8720511935483871
0.786210909375
0.757812315625
0.758839215625
0.7784729252083333
0.7524772564583333
0.7513654829166667
0.7418977891666667
0.7455376158333333
0.7397193545833334
0.7454899708333333
0.7282440404166667
0.771454
0.772396506451613
0.8999585935483871
1.0022167838709677
1.0699371870967742
1.2895137548387097
1.3167505483870967
1.431492629032258
1.5708208322580646
1.8308773838709678
1.8267233419354838
1.9540501612903225
2.0532170870967743
2.2299682870967743
2.067308819354839
2.16034454516129
2.440313141935484
2.4613719258064517
2.3900597967741937
2.425476429032258
2.3941686677419356
2.477501777419355
2.461723822580645
2.1814851483870967
2.2808354612903226
2.220736748387097
2.4409454741935486
2.507906206451613
2.438582664516129
2.5405702225806452
2.5047394870967743
2.3904425387096775
2.420742483870968
2.444316258064516
2.397812464516129
2.569005470967742
2.4589443677419354
2.219359629032258
2.171491764516129
2.0604085290322582
2.203033338709677
2.064749393548387
2.1363927548387096
2.087419487096774
2.345656870967742
2.0387417161290324
2.0475451677419354
1.771381264516129
1.9533187935483871
1.7779548741935485
1.8507818096774193
1.6538715096774192
1.6592577387096774
1.7320607225806453
1.579367806451613
1.5706666483870968
1.7526422806451614
1.6516315161290323
1.6504399548387096
1.702319106451613
1.6160043032258065
1.7770981612903225
1.7945224258064516
1.4935300451612903
1.5686952903225806
1.3307084193548386
1.3038674225806453
1.3704312774193548
1.342112670967742
1.3056724483870967
1.2592107225806453
1.1425524022916667
1.1169727166666668
1.1045843364583334
1.1111105010416666
1.06476407
1.0660476072916667
1.0649066635416666
1.04146368375
1.0450014620833334
1.052674874375
1.0304150127083334
1.034210634375
1.005594753125
0.91753859125
0.8903204897916667
0.8618905233333334
0.8792235889583333
0.8566810716666666
0.8447791491666666
0.83271524625
0.822720431875
0.8399486489583333
0.7931810802083333
0.7835676539583334
0.7878379029166667
0.7720137214583334
0.7733580939583333
0.8803930032258065
0.9328007387096774
0.9670940032258064
1.2001813193548387
1.307143164516129
1.4105100258064516
1.577999935483871
1.7233084193548387
1.828227622580645
1.9052047838709678
1.9691729322580644
1.9481413516129031
2.141576
2.173484887096774
2.391197119354839
2.3280758903225807
2.2796691129032256
2.270525
2.308314590322581
2.122975248387097
2.2980971838709676
2.251888512903226
2.212727964516129
2.27954685483871
2.3452195322580645
2.2814859258064515
2.2326242161290324
2.1589906516129034
2.159373929032258
2.2322697838709677
2.3967705451612904
2.402008583870968
2.4462439032258065
2.3129373483870967
2.1852470258064516
2.1080340451612902
2.1603530677419354
2.2650210516129032
2.0539466419354837
1.8300016322580646
1.8771370322580645
1.8584579193548387
1.9960498483870968
1.9506084548387097
1.9373797677419355
1.9332104967741937
1.8574100161290323
1.6913150032258064
1.8794630161290322
1.782687370967742
1.7489072451612904
1.7802993516129033
1.8152692258064516
1.7061894483870967
1.7769251161290323
1.5293196193548386
1.6170576322580645
1.5849194741935484
1.5141837903225805
1.4754266645161291
1.4267663032258064
1.2557704677419355
1.2972682322580644
1.2335516741935484
1.21487355625
1.212943770625
1.2511531451612903
1.1637149114583334
1.1750757129166667
1.2491163022916667
1.3114152903225806
1.2976125129032259
1.210084105625
1.116142978125
1.1354805322580646
1.1383826161290322
1.2020059322580645
1.295868622580645
1.1122929322580646
1.086050158064516
1.0092014322580645
1.0040229845833333
1.07149026625
0.9631536419354839
0.922905010625
0.9169996025
0.9379496516666667
0.9553479445833334
0.9437798025
0.926983780625
0.9062589264583333
0.8870847322916666
0.8849845652083334
0.894844775625
0.8980137833333334
0.9358029419354839
1.0535479451612904
1.025591577419355
1.106213064516129
1.235560764516129
1.5175529548387097
1.2994460161290322
1.4514803032258063
1.7347903
1.6882282774193549
2.0290378258064514
1.9940220709677419
2.1728846677419353
2.130235241935484
2.2149850096774193
2.1590922290322583
2.250351212903226
2.173941629032258
2.153858177419355
2.175293729032258
2.41351204516129
2.538531387096774
2.4760352322580643
2.1459380967741937
2.084889990322581
2.098853664516129
2.190331416129032
2.2788826032258065
2.3618647161290323
2.5833322903225806
2.5027106225806452
2.6481894322580644
2.419556180645161
2.572189241935484
2.6093543129032257
2.4780158322580643
2.484456864516129
2.012188941935484
2.1401700387096776
2.2823810870967742
2.1272078193548385
2.302996741935484
2.2146102612903227
2.180620816129032
2.1292241741935483
2.089245558064516
1.8126784161290324
1.6451192032258064
1.5941531806451612
1.5187419709677419
1.6223439161290323
1.4088250806451612
1.426047635483871
1.3323413032258065
1.3250859866666667
1.4071343387096775
1.4701674064516128
1.571824470967742
1.4607243612903227
1.4438765677419354
1.3631050645161291
1.3664395903225806
1.2931276258333333
1.357687641935484
1.3699172439583334
1.3453736666666667
1.402542250625
1.3836699597916666
1.35034135875
1.4878471579166668
1.4680470504166667
1.39702289375
1.3835265695833334
1.3398680625
1.2984845202083333
1.27829866625
1.241323011875
1.2368778595833334
1.24753526625
1.1744355902083334
1.1262553516666667
1.084794291875
1.090116604375
1.095583596875
1.0653722695833334
1.0674937820833332
1.0702515977083333
1.0637886689583333
1.0834778475
1.0631571791666667
1.0303102585416666
1.0023269204166667
1.0018426164583334
1.0070151322916667
1.0068804227083332
1.0170144097916667
0.9897597354166666
0.9853989191666667
1.0074038779166667
1.0279518322580645
1.0936827451612903
1.2332997258064515
1.2434267935483871
1.4218440677419355
1.6020377129032257
1.6954115483870968
1.9347548548387097
1.8074015580645162
1.982919835483871
1.9138128838709678
1.9098331612903225
1.8338581870967743
1.9340381838709677
2.0393671483870968
2.068381387096774
2.2969018193548387
2.158852977419355
2.0842056
2.0445803322580645
1.8681405806451612
2.1017798612903227
2.5380175
2.4762445612903226
2.4034170806451614
2.1536737032258064
2.215838093548387
2.2331203225806453
2.343934377419355
2.215019841935484
2.255797312903226
2.2087756387096773
2.1221867387096776
2.352715706451613
2.2004303677419355
2.135809219354839
1.9264248322580646
1.5921197806451612
1.6994175677419354
1.7745010032258064
2.0161804548387097
1.8480529612903225
1.9499955258064516
1.6993306838709676
1.5693143774193548
1.6432536
1.7556439387096774
1.758098164516129
1.5967766516129032
1.458665029032258
1.4106288322580645
1.4555744870967742
1.4571710967741935
1.4943209129032258
1.326464958064516
1.331067393548387
1.3735250903225806
1.3559675096774193
1.401803422580645
1.4556261774193548
1.4923491870967742
1.2665030096774192
1.3057678612903225
1.2933837419354839
1.3086392838709677
1.2034887752083334
1.3435599870967743
1.3423519161290323
1.312745793548387
1.2663105580645162
1.3454245064516128
1.1760537548387098
1.1327930483870967
1.126886594375
1.0834653827083334
1.0748305797916666
1.0588177191666666
1.077371600625
1.121154648125
1.03418745125
1.0287872464583334
0.9800199525
0.9640329585416667
0.9634883816666666
0.9439777835416666
0.9417757433333334
0.9524632922916667
0.9531939125
0.957137856875
0.93741138875
0.9205628145833333
0.904857058125
0.92360803
0.901160824375
0.922864606875
0.921527895
0.9274363714583334
0.9218688783333333
0.9363992614583333
0.958999029375
1.056332658064516
1.0192820612903226
1.051910712903226
1.1717723677419354
1.1692118548387096
1.1162392838709678
1.1218613193548388
1.272691358064516
1.3487107774193547
1.546429887096774
1.5689826193548386
1.5588684258064516
1.5123976322580646
1.5230100967741935
1.7471751451612902
1.6930304193548387
1.6427700032258064
1.5851376709677418
1.529750422580645
1.4315136677419356
1.4022112032258065
1.5181920032258065
1.4239001387096775
1.5674728870967742
1.4449148548387096
1.403282306451613
1.4657412774193548
1.6004987870967742
1.5498844806451613
1.4208039806451613
1.4716029387096774
1.4241918129032258
1.5269989032258064
1.3578164322580646
1.4490436806451612
1.446734570967742
1.7369626451612903
1.7549223677419354
1.5487460709677419
1.3465672677419356
1.5620166451612902
1.4476569419354839
1.3812098967741935
1.3658934161290324
1.489960270967742
1.2591249290322581
1.3138372225806452
1.309210985625
1.319265177419355
1.4073032096774194
1.2773650520833333
1.298120809375
1.3125673135416667
1.2976344795833332
1.2921928614583333
1.3176073575
1.310053119375
1.278434383125
1.2835871122916667
1.2110010739583332
1.2762868764583333
1.366305299375
1.3022847702083333
1.263524216875
1.2404094754166666
1.25427973875
1.2394164552083333
1.238447345
1.217968783125
1.1439943954166667
1.12547706375
1.0861198970833332
1.077895324375
1.0592090072916667
1.0545649952083334
1.07036512625
1.0624225060416668
1.0345203635416667
1.027077674375
1.028448148125
0.9883744658333333
0.9646716279166667
1.0116213039583333
0.9871260739583333
0.9586428864583333
0.9498903958333333
0.9238387302083333
0.9178049629166667
0.9233065952083334
0.9113866677083333
0.8963916154166667
0.9089101608333333
0.9071111120833333
0.8920321585416666
0.902385565
0.917278908125
0.92238456625
0.9362707610416666
0.930315764375
0.9392638341666667
0.9523072510416667
0.96495228125
1.0031337193548386
0.9619518264583333
0.9731956085416666
0.9981354066666667
1.1548835903225807
1.1520168741935484
1.0655562258064517
1.0979884290322581
1.1812526032258064
1.1351377
1.2117072741935484
1.0515121289583333
1.1942569032258064
1.1556916838709677
1.2542491322580644
1.3258868612903225
1.1367072806451612
1.1805196
1.1745492967741935
1.2291533032258064
1.217227370967742
1.2954409032258065
1.1437766275
1.18292498875
1.1408750704166666
1.115167446875
1.11909673625
1.154836970967742
1.1456130451612903
1.150405450625
1.1504190096774194
1.1858838838709678
1.2907793225806452
1.2503454161290322
1.206742964516129
1.1733992833333333
1.1833965002083333
1.1939028785416668
1.3206241612903227
1.2893506870967741
1.3672309870967743
1.359587535483871
1.1946430806451613
1.2522500225806452
1.2029785516129032
1.2526082677419355
1.470684558064516
1.4452995838709677
1.2821472774193547
1.1663660064516128
1.1494353193548388
1.1652069258064517
1.2489430774193548
1.0766367989583334
1.18029777
1.1970420120833334
1.1497287889583334
1.0858691387096775
1.08936564875
1.07452230375
1.0978077612903225
1.0332698622916667
1.0462273516129033
0.9551022322580646
0.9783527741935484
0.953433434375
0.9525403285416667
0.9292199227083333
0.9199717177083333
0.929159110625
0.915373769375
0.9072518775
0.9007441970833333
0.9373200952083334
0.9164458772916667
0.9014808741666667
0.9034359410416667
0.9042088633333333
0.897410058125
0.897406778125
0.9156128454166667
0.9146058495833334
0.880115909375
0.8706236387096774
0.873418273125
1.0571202677419356
1.5667141387096775
1.6961987870967743
1.734525293548387
1.7146898
1.7303776032258065
1.8880508032258065
2.065165693548387
2.0477483258064515
2.1402353387096773
2.2175587741935483
1.9887243548387097
1.9809720612903226
2.070363277419355
2.146389219354839
2.2637397032258066
2.244196251612903
2.3199809483870966
2.453724841935484
2.178086241935484
2.209306029032258
2.3895444677419353
2.146093906451613
2.3804126903225806
2.4324463806451613
2.300797558064516
2.2730160483870967
2.2849973064516127
2.3415394709677417
2.4384506161290322
2.1855700741935484
2.282151635483871
2.2695599967741935
2.1539543193548387
2.2111293677419357
2.2360764612903226
2.397492658064516
2.361606416129032
2.2306222129032256
2.2562453387096775
2.429942641935484
2.2514132677419356
2.086221764516129
2.047269277419355
2.079803593548387
1.8379579935483872
1.6829853451612904
1.5963790322580644
1.6275084741935484
1.8402201161290324
1.633987412903226
1.5981272870967742
1.6575403322580644
1.4896404741935483
1.627396929032258
1.7070234806451612
1.6521350548387097
1.5502049967741935
1.4529521096774194
1.3987406387096775
1.4319985258064516
1.5990866612903225
1.5333225580645162
1.4009989580645161
1.358383277419355
1.3165804096774194
1.3645351580645162
1.3112416967741936
1.3762136645161291
1.5818840612903227
1.560194941935484
1.4533061870967743
1.4723490032258064
1.513796706451613
1.486537964516129
1.1839415548387098
1.111158693548387
1.210884677419355
1.3545307032258065
1.1120213935483871
1.03590336
1.0382554197916667
1.0057684841666668
1.001874973125
0.9939194197916666
1.0285258997916666
0.9960833635416667
0.9557616429166667
0.9531382320833334
0.9694884214583334
0.9333956558333333
0.942701696875
0.9718830420833333
0.945170624375
0.957288685
1.1336356032258064
1.043950170967742
1.2701847129032258
1.389682506451613
1.3979631935483872
1.6608405612903225
1.7427902
1.9488282774193548
2.098883770967742
2.3492469677419354
2.5331692870967744
2.4502354193548386
2.314933916129032
2.3028222516129033
2.243050770967742
2.3379736903225807
2.443873122580645
2.6747079129032256
2.614614470967742
2.602675306451613
2.466342593548387
2.541301051612903
2.505160858064516
2.449653151612903
2.382312583870968
2.5919048387096773
2.7161833741935486
2.723155512903226
2.612830670967742
2.358349712903226
2.6732722096774193
2.4516393903225806
2.367162429032258
2.3766139967741937
2.4872023967741934
2.3036990967741935
2.452608193548387
2.3224877677419355
2.2604236903225807
2.2944699129032258
2.2512881
2.3771922806451613
2.2993932225806453
2.2992225387096776
2.096207164516129
2.0362758709677418
1.865590029032258
1.6598351129032258
1.5862762677419355
1.663294964516129
1.6940968225806452
1.786769222580645
1.6592528483870967
1.5668792064516128
1.677251206451613
1.505709741935484
1.6115495161290323
1.5644398516129032
1.5987772096774193
1.538035464516129
1.7206193032258064
1.9494743935483871
1.6774784774193547
1.6856510645161291
1.7929876677419354
1.5892764774193548
1.8255825774193548
1.6329650967741935
1.4245562416666666
1.372364065625
1.33175553125
1.2921976772916666
1.5411967451612902
1.3102063147916667
1.30384819875
1.3090967483870968
1.2693590083333333
1.24533793625
1.2041567083333333
1.1807715891666666
1.1934407977083332
1.1879994977083332
1.1702563185416666
1.1405370395833334
1.1602383779166667
1.1424121527083333
1.0975228841666667
1.0842719616666667
1.0976304729166666
1.0917521502083334
1.07955568125
1.0783656175
1.0781099991666667
1.0592548108333333
1.0389777691666666
1.0875156629166667
1.1279324806451614
1.0692455451612903
1.190007635483871
1.3000146741935483
1.3311842096774194
1.4416971548387096
1.6708927193548386
1.5102305516129033
1.4652556903225806
1.594105293548387
1.7688613709677419
1.9366888483870968
1.9208448741935484
2.0173355548387097
2.2469860516129034
2.3225541677419357
2.3170734258064516
2.4868136741935483
2.49762695483871
2.3603499129032257
2.1724059774193547
2.0077998193548385
2.1029360483870967
2.179067006451613
2.3159799967741934
2.230354477419355
2.116731751612903
2.2475280451612902
2.2601020806451615
2.3905314161290323
2.191085822580645
2.2548950741935485
2.361674970967742
2.5475568741935484
2.5576010483870966
2.597437093548387
2.4362211258064517
2.1950599258064516
2.1909980258064516
2.1725777451612904
2.322058058064516
2.264610741935484
2.2075730161290323
2.221670729032258
2.0243566741935486
1.8885926129032258
1.8013414580645162
1.7320295322580646
1.738958670967742
1.649099470967742
1.5623424258064516
1.4632045258064517
1.4262420838709677
1.3834615058333333
1.374032295625
1.4235576806451613
1.5793995451612903
1.5827337129032257
1.621231264516129
1.9466856838709676
1.7669081483870968
1.596468458064516
1.4382744806451613
1.416409770967742
1.4700030741935484
1.3674721558333334
1.3229837566666667
1.2898578585416667
1.2717445260416667
1.2630771325
1.2383536483870967
1.175397191875
1.2658673745833333
1.3318483472916667
1.2609124391666666
1.25730216875
1.1896829447916666
1.1620236622916666
1.14901358625
1.101531364375
1.0860777822916667
1.11063041625
1.1089632645833334
1.0914138247916667
1.08473751
1.0872660660416666
1.081055591875
1.063560533125
1.0441843747916666
1.043984918125
1.04870604875
1.0608882004166666
1.030257376875
1.0363626052083332
1.0231925635416668
1.02785762625
1.029150511875
1.040681201875
1.1373978419354838
1.2475416483870967
1.4908371193548386
1.7373747612903225
1.9515126741935485
1.9819156548387096
2.107785906451613
2.2804257
2.4422101322580647
2.4835789225806453
2.472180848387097
2.4439367838709676
2.4630619612903226
2.6731169419354837
2.6133550709677418
2.698835848387097
2.7705914806451615
2.538445051612903
2.4032902967741934
2.6351708032258063
2.562994893548387
2.5022194096774193
2.3110757258064516
2.6277959806451614
2.678500270967742
2.551481083870968
2.6191918806451615
2.663874870967742
2.679546529032258
2.560815661290323
2.6011937
2.340820806451613
2.353137625806452
2.402068435483871
2.2801840806451614
2.232935129032258
2.2743977064516128
2.3400500741935484
2.3787823483870967
2.1610423548387097
2.2294161322580646
2.2140149387096772
2.202098622580645
2.17610145483871
2.129232335483871
1.8450044967741936
1.7837733548387096
1.8512900580645162
1.8113335741935483
1.8311757838709677
1.8285793451612904
1.9157446967741936
1.6519135774193547
1.4447106096774194
1.5587465258064517
1.6086472419354838
1.5053246419354838
1.5563458161290322
1.485225777419355
1.4664360161290322
1.4536900129032257
1.4653168258064515
1.5773855612903225
1.6546324516129032
1.5564571903225806
1.492390906451613
1.4063957064516128
1.3813611739583334
1.4301706877083333
1.38160334375
1.4015915789583333
1.3289881666666667
1.3365836870967742
1.2590521935483872
1.239222870967742
1.208643741875
1.1640866451612903
1.13415681625
1.1822694029166667
1.1314125789583334
1.1361315764583333
1.10142779375
1.1127219370833332
1.0968535091666667
1.0892005039583332
1.0907052760416667
1.069292163125
1.0923598927083333
1.0535327647916666
1.063779589375
1.082762726875
1.0665833745833333
1.0561301102083334
1.0256904502083333
1.0504819602083333
1.1632919709677418
1.3706540193548387
1.516923706451613
1.8183672
1.9124312258064515
2.0677757322580645
1.993358535483871
1.8458107741935483
2.068552993548387
1.9559339129032258
1.9810498806451613
2.1843148516129034
2.254012958064516
2.217575458064516
2.132300022580645
2.2565783903225807
2.3833038838709677
2.619401012903226
2.6771443677419353
2.9428532548387096
2.7782108161290324
2.541108048387097
2.4769284
2.6673116967741937
2.4379342
2.4192548935483873
2.3898374096774195
2.339587158064516
2.4341068322580646
2.628287016129032
3.105139777419355
2.7584297451612905
2.5655824387096775
2.5798386967741935
2.258961316129032
2.1413131612903227
2.135158022580645
2.1591141677419357
2.218641322580645
2.024150777419355
2.0790181741935485
1.9121212322580645
1.7831539032258064
1.6534332741935485
1.8519766290322581
1.9285888258064516
1.7755138935483872
1.6397625419354838
1.479856235483871
1.4407998096774193
1.512991864516129
1.383092741935484
1.323510635483871
1.4232633910416668
1.3971126548387096
1.3247757308333334
1.2988231035416666
1.3782225741935483
1.3602155032258065
1.37611685875
1.3523044977083334
1.3231620695833333
1.3559833352083333
1.403549364375
1.4407800045833334
1.367520339375
1.3703150683333334
1.434516790625
1.5722589835416667
1.4714453164583334
1.3875796254166666
1.351394488125
1.3080792264583334
1.3115316745833334
1.303689205
1.2720666022916667
1.247308338125
1.221140063125
1.2279296139583333
1.1473970545833334
1.1271188410416666
1.0907731160416667
1.0728717285416667
1.0747763747916668
1.0709960175
1.0754134872916667
1.0969428704166666
1.0694078941666667
1.066458141875
1.063379726875
1.0186016664583333
1.0249619622916666
1.0179038370833333
0.99635083625
0.9914097366666667
0.98651202875
0.9956454739583334
1.009124764375
1.026864640625
1.0542176964583334
1.0418409133333333
1.0382162810416666
1.069691035483871
1.071135155
1.091706191875
1.2221300161290323
1.4290935516129033
1.14667010125
1.6365705967741935
1.5551401096774193
1.3572622806451613
1.4642937774193547
1.4453926354838709
1.4327289967741936
1.4988286677419356
1.4886885322580645
1.2656931
1.229727971875
1.27130869875
1.4223205870967741
1.2734517889583334
1.25295766
1.2845864008333334
1.3236716647916666
1.2687487352083333
1.2638179675
1.2766123729166667
1.3104723714583333
1.3452860860416667
1.4509315967741936
1.489949570967742
1.5442103806451613
1.6111290387096775
1.6615873483870969
1.5701825193548387
1.6146629096774194
1.447569506451613
1.3351778710416666
1.3870886096774193
1.4944622193548387
1.4477237032258063
1.4108432387096774
1.5370200322580645
1.3767805129032258
1.3236290870967742
1.4622756258064515
1.167436098125
1.2280747451612903
1.185504656875
1.1913764783333334
1.2124804475
1.223759515
1.2029046139583333
1.25342996625
1.27181323375
1.1799506597916667
1.167843025
1.2199560910416667
1.191032425
1.161526988125
1.245211677419355
1.2179139419354839
1.1510270290322582
1.149485929032258
1.1758064616666666
1.1795938604166667
1.1029139158333334
1.07806162875
1.0543599620833333
1.0241311797916666
1.0020622585416668
0.969018351875
0.97092385375
0.957683979375
0.9574217310416666
0.9506060322916666
0.946443395625
0.9478820260416667
0.9326185285416667
0.9288163454166667
0.9522354852083333
0.94069400625
0.9502070254166667
0.9170941185416667
0.93548769375
0.939350594375
0.92524904625
0.91936283875
0.8963403758333334
0.9180471439583333
0.9073845472916666
0.8959721189583333
0.9303153191666667
0.9155005354166666
0.9146254479166667
0.90893151625
0.9031156460416667
0.9198492864583333
0.9520655383333333
0.956493656875
0.9750734170833333
0.995208159375
1.0067123870967742
1.0351817258064515
1.0956290741935484
1.0439773838709678
1.062915529032258
1.0614609514583333
1.0318317472916667
1.0654710604166666
1.093372184375
1.0770856060416667
1.1025840722916667
1.1516231152083334
1.2051663291666668
1.2817576548387097
1.2724281548387097
1.1479644047916666
1.153484195
1.2507221612903225
1.2739843129032258
1.1762279154166666
1.2603649193548387
1.1465425391666666
1.3132937741935484
1.1607720870967742
1.1631137875
1.1317197451612904
1.1430741235416666
1.1479350820833334
1.158547305
1.1851091645161291
1.234073893548387
1.2362021516129031
1.158361543125
1.1676404612903226
1.2007622147916666
1.1911047164583333
1.2151434320833334
1.1764981647916666
1.1420132035416666
1.2291184741935484
1.145424730625
1.283178306451613
1.3094344967741935
1.169160230625
1.2039097602083333
1.2050037864583334
1.202376169375
1.2578228967741936
1.2938388451612903
1.2877691322580644
1.219951870967742
1.206265535483871
1.172946469375
1.2041864387096775
1.2456758735416666
1.2060362277083334
1.1514960679166666
1.1704990383333334
1.155872184375
1.2742159451612902
1.293857164516129
1.2719587129032257
1.212019993548387
1.3400529741935483
1.1117545733333334
1.0632506639583332
1.0412532266666668
1.077818861875
1.013952875
1.0248553685416666
1.0014123422916668
0.9842641952083333
0.956136823125
0.94784184375
0.9448926777083333
0.9176464029166667
0.8938909885416667
0.895148249375
0.9012781722916666
0.92129993625
0.909106220625
0.9034578833333333
0.8866554302083334
0.883648884375
0.8881335035416666
0.8998663814583333
0.9218464222916667
1.0175283677419356
1.0537418548387096
1.2073564258064515
1.4652114451612903
1.546242870967742
1.5942471387096775
1.883756
1.7742633806451613
1.7450358129032257
1.7987372354838709
1.8110103387096774
1.9883603064516129
2.221306319354839
2.104640041935484
2.391388306451613
2.4309408419354837
2.1965680032258064
2.2388161838709677
2.151473429032258
2.021478719354839
2.2536198870967743
2.1605145096774194
2.311467348387097
2.538834683870968
2.453635964516129
2.3633909451612904
2.4510602064516127
2.244916735483871
2.269554193548387
2.3653409032258064
2.4473674451612903
2.4872149129032257
2.3981679838709677
2.236047793548387
2.1820636032258065
2.0822280741935484
1.9953875806451613
2.0304209387096774
2.137010564516129
2.2334733129032256
2.26059455483871
1.9053526225806452
1.740472929032258
1.5174773096774195
1.4868913161290322
1.3033199870967742
1.368594141935484
1.4449266451612903
1.444734006451613
1.345100177419355
1.2860265096774193
1.3727162548387097
1.4544043387096774
1.278087741935484
1.3745281774193547
1.3770039903225806
1.452738435483871
1.524132735483871
1.5271523516129033
1.3911017129032257
1.3040261451612902
1.415570835483871
1.2392324774193548
1.3019016870967741
1.2943792129032259
1.2674421545833334
1.227005628125
1.1583898774193548
1.1360575733333333
1.1259484258064516
1.1162898935483871
1.1581546697916667
1.129706111875
1.1072134419354838
1.0658628525
1.0734868633333334
1.0784569451612904
1.0323698335416667
1.010546209375
0.9763426152083333
0.960507210625
0.9648078952083333
0.9716642789583333
0.9601778945833334
0.9456457197916667
0.9574214845833333
0.911768185
0.9246467739583333
0.9173274777083333
0.9165522945833333
0.9219309441666667
0.920884023125
0.9272779404166667
0.9294977870833333
0.9320337466666667
0.9209676916666667
1.156704029032258
1.3526562096774193
1.4617421548387097
0.934038730625
1.416103035483871
1.4992005129032258
1.5318422225806452
1.6533442064516128
1.7596799
1.9946368032258064
1.776362070967742
1.9261424064516128
2.189693641935484
2.233687712903226
2.282442948387097
2.271034164516129
2.1958295612903225
2.078519164516129
2.1360774806451612
2.2954173193548386
2.270554564516129
2.792644477419355
2.324420129032258
2.550901719354839
2.5538605741935485
2.6578026258064518
2.5690078193548387
2.614655651612903
2.6034694322580645
2.590252909677419
2.7044051032258065
2.7228339032258067
2.848221106451613
2.7264261741935485
2.349094419354839
2.335157770967742
2.3387609193548387
2.4433392903225806
2.159055764516129
2.2489039064516128
2.2832686451612902
2.2607578032258067
2.2349500096774193
2.1683740096774193
2.024905006451613
1.9994886612903227
2.094575729032258
1.44153510875
1.4213812133333332
1.5547499419354838
1.5506925806451612
1.4857732193548387
1.7374184774193548
1.4736212806451612
1.459019829032258
1.4345048096774193
1.6558062290322582
1.5258115096774194
1.608769135483871
1.677753470967742
1.519260206451613
1.450805164516129
1.453180670967742
1.474112664516129
1.3891898316666667
1.4078873960416667
1.4096549091666666
1.4051973275
1.371682964375
1.3806102290322582
1.442707190625
1.375319850625
1.315209855
1.3343422158333333
1.3053520685416666
1.2900022329166667
1.2910403439583333
1.282184915
1.2609162345833334
1.2331705558333332
1.2194385402083334
1.2153403589583334
1.18532423625
1.1577649170833333
1.1583897641666667
1.1396039752083333
1.13940450625
1.1319461552083334
1.138979186875
1.1228547422916666
1.128404815
1.1235014604166667
1.1160324714583334
1.1033154658333333
1.108813981875
1.080346223125
1.090978419375
1.1016628677419356
1.1757020387096775
1.405565477419355
1.5787498096774193
1.4602476709677419
1.6077297677419355
1.8059380903225806
1.9271124935483872
1.8258802516129031
1.9772874677419354
2.1008714548387095
2.2892079258064517
2.271032
2.4740236032258065
2.656908364516129
2.4540513451612904
2.4388017967741935
2.633431080645161
2.3394289774193546
2.2105793838709675
2.342074393548387
2.293233193548387
2.3000072387096773
2.348535729032258
2.348922277419355
2.645805412903226
2.4971722032258064
2.4828071096774194
2.5589591161290324
2.4226407451612904
2.276524512903226
2.321448587096774
2.2975517483870966
2.368479329032258
2.494154577419355
2.3587565774193546
2.18693305483871
2.215748490322581
2.1077675870967743
2.3103946032258063
2.1143370322580646
2.020300393548387
2.1317349806451613
2.0281397612903227
1.9088556419354838
1.8668351064516129
1.9038126096774193
1.791768535483871
1.9303006161290324
1.8031751419354838
1.7950003870967741
2.0538786322580647
1.8464585290322582
1.5964401612903225
1.9346238967741936
1.906256670967742
1.8532795612903226
1.7449913741935483
1.5180708225806452
1.5940936903225806
1.5146291096774194
1.5358614935483872
1.4539481322580645
1.5154847387096775
1.4697196616666666
1.4451315789583334
1.440967899375
1.4157879591666667
1.3526650922916668
1.3605782614583333
1.3875352739583333
1.3224370610416667
1.410422020625
1.3769868145833333
1.3581587122916667
1.251120114375
1.2306641285416666
1.2301556108333334
1.1989171852083333
1.1754382525
1.1670601335416666
1.1580298714583332
1.1477407447916668
1.1512753366666666
1.1820548810416667
1.1681472833333333
1.17277660375
1.1475883464583334
1.147815590625
1.1175156420833334
1.106239738125
1.1165995175
1.099803060625
1.1024452520833334
1.109652319375
1.1103451516129033
1.3356518709677418
1.4357460709677419
1.4556267225806452
1.9203231967741936
1.8271104387096775
1.8542904516129033
2.0249129903225804
2.019373125806452
