3.224085406
2.524354213
2.466051642
2.528788503
2.296107148
2.357500265
2.424027294
2.711585839
2.338650635
2.181876052
2.088313019
2.174141165
2.026917903
2.028080445
2.046360329
2.097461852
2.043452435
1.741948184
1.771373097
1.938458871
1.801366135
1.809675139
1.746032849
1.696776601
1.684502065
1.678959431
1.71961144
1.719213802
1.653968745
1.588138272
1.549729199
1.539324518
1.503932756
1.459649661
1.469408059
1.43406482
1.39423619
1.292435992
1.282473745
1.25864045
1.260086719
1.281484531
1.25765427
1.245274395
1.237729341
1.230780305
1.240838743
1.218588452
1.1974445
1.189598246
1.2245675
1.172357552
1.162079156
1.118708272
1.145417643
1.152658099
1.193252358
1.407379577
1.510176497
1.827238865
1.940294177
1.892227332
1.96913629
2.011295768
2.135343219
2.085073916
2.447195665
2.563083587
2.52773861
2.634057426
2.858932081
2.880208352
2.869625448
2.825457965
2.970602113
3.040912423
2.844934119
2.688324597
2.837416903
2.829179561
2.755749871
2.702335971
2.643641052
2.698517326
2.64931841
2.753083787
2.784899987
2.686147535
2.63237739
2.683825732
2.6461662
2.562701226
2.545583877
2.422164229
2.492488139
2.634142681
2.605621094
2.425340926
2.569467832
2.415330319
2.322119003
2.422642735
2.280623048
2.114559239
2.071445097
2.134902619
2.098290258
2.353002123
2.167512581
2.272703871
2.259852855
2.075138584
1.900564439
1.888954858
2.049901984
2.056229639
2.170867777
2.074995277
1.934287952
1.708638955
1.667450565
1.652792761
1.642338279
1.578985741
1.484453235
1.566979152
1.511733739
1.475017339
1.471412234
1.462974523
1.471243058
1.427201372
1.424001614
1.376115054
1.365368427
1.334769233
1.305202283
1.30485947
1.260736482
1.241777606
1.180237732
1.139231536
1.125209941
1.143316657
1.128299381
1.16825429
1.077190113
1.078212094
1.102254698
1.112212541
1.033845049
1.044896228
1.040077583
1.035997489
1.222145977
1.467170458
1.492217497
1.514731777
1.535792745
1.647652523
1.746336035
1.697417906
1.5386268
1.378793774
1.421489806
1.602630681
1.646595726
1.667086035
1.558788426
1.580128913
1.665744297
2.017020842
1.863286371
1.701018711
1.705471455
1.721685589
1.818977577
1.748352019
1.737552108
1.713212509
2.016640103
1.978756913
2.015610165
1.890193206
1.971836665
1.992514897
2.095530213
1.945257039
1.857119616
1.762916274
1.686548531
1.756806106
1.713852677
1.68680832
1.754081336
1.770829573
1.73957272
1.722370075
1.727505255
1.742105844
1.7578562
1.773138687
1.760688405
1.701879014
1.682062378
1.706436675
1.704383732
1.680376671
1.671483929
1.680700656
1.649750274
1.645356433
1.623144403
1.676460934
1.632391987
1.645748483
1.876621526
1.599876689
1.587131556
1.481703353
1.494283913
1.582212691
1.577908082
1.541711874
1.507950047
1.488333359
1.457765327
1.425962257
1.3999047
1.380239617
1.406494747
1.38079346
1.347511274
1.372527932
1.351050201
1.315694006
1.299211379
1.293022871
1.284380359
1.214931592
1.261318265
1.252981253
1.222601842
1.169535879
1.148502316
1.130386335
1.129077224
1.113216644
1.087849934
1.096878531
1.126406438
1.125615135
1.118218309
1.152408795
1.159651511
1.174260266
1.190859854
1.164021173
1.20191649
1.207662119
1.189338599
1.302407581
1.304112658
1.294376306
1.390817648
1.37047835
1.356931418
1.386238076
1.393548059
1.407890149
1.471627968
1.495778402
1.462837001
1.478395713
1.509404152
1.563264242
1.545968031
1.537752947
1.533096447
1.618795174
1.581574314
1.596487725
1.606210147
1.672587808
1.631384791
1.629041869
1.669680194
1.675231989
1.61354145
1.708130145
1.628169112
1.635516946
1.633102105
1.643130812
1.641655221
1.662424275
1.605585966
1.631285403
1.590563186
1.58108147
1.598324074
1.610471293
1.578747603
1.575925391
1.642648078
1.635071465
1.61186891
1.582327262
1.595132012
1.540292257
1.623116997
1.548378278
1.55166496
1.569750682
1.54911991
1.531626327
1.520075992
1.476490176
1.479909611
1.456635231
1.547990318
1.470119231
1.388526994
1.396939109
1.36384388
1.353648765
1.376173079
1.324082493
1.274015965
1.24133864
1.222762523
1.198668421
1.166716291
1.129767111
1.128635996
1.145691794
1.089835414
1.070300823
1.08109527
1.069702804
1.12016417
1.126639446
1.117141645
1.067238995
1.360989871
1.492572845
1.470709952
1.732188068
1.781834103
2.011531761
2.205832742
2.565235068
2.699449135
2.7055954
2.582313048
2.750380874
2.771430058
2.69956559
2.735377106
2.651040542
2.875687361
3.165396294
3.041806858
2.993897274
2.981628516
3.067402423
3.096620919
3.032912887
2.920982729
2.898206165
3.000459281
3.112725916
3.171531665
3.17591481
3.180862797
3.157269597
3.207513329
3.054101558
2.81720339
2.897313361
2.915775174
2.855494713
2.481785145
2.595787697
2.611002248
2.282005245
2.15533869
2.230283371
2.21006859
2.052560452
2.005535142
2.080188323
1.951152619
1.860963842
1.773150006
1.802912897
1.803342926
1.872745555
1.77345819
1.77206283
1.774965558
1.959461245
1.902987455
1.857602468
1.754349852
1.866117814
1.74316154
1.658013096
1.610351919
1.579578865
1.560086612
1.546189539
1.614911406
1.629083142
1.47147861
1.451010182
1.444533396
1.425017584
1.46898302
1.410661203
1.30726563
1.286919119
1.337421628
1.322188506
1.294138019
1.295237821
1.299926114
1.340092145
1.242265424
1.239220864
1.211500759
1.233876926
1.199221771
1.150164629
1.140091418
1.134966711
1.137375963
1.119349566
1.078850366
1.118083425
1.224400306
1.297754906
1.502903984
1.654605606
1.651136316
1.830793765
1.730935923
1.869720503
1.890136252
1.941510952
2.104596865
2.395479226
2.651543532
2.484312477
2.516561284
2.593577265
2.535491816
2.404930613
2.536616084
2.685437203
2.683680258
2.771677835
2.656089571
2.677757652
2.793935071
2.962712871
2.697942135
2.834883229
2.882944642
2.993131442
3.036667326
2.885804639
2.908416316
2.8918143
2.742763168
2.756707977
2.878647484
2.794595342
2.761248926
2.779502326
2.736499003
2.765370319
2.63909139
2.522584565
2.542680532
2.557662168
2.337640832
2.313577106
2.331517974
2.247656839
2.189740258
2.273405135
2.267655029
2.227306194
2.028465897
1.86431046
1.899652514
2.028621719
1.966470384
2.102141739
1.928848942
1.984218367
2.037316113
1.913658118
1.861079786
1.876641157
1.862684463
1.859267452
1.848452797
1.812748964
1.830424736
1.748828082
1.726011132
1.694182336
1.66605227
1.655574464
1.616016105
1.580718755
1.512218714
1.478263781
1.492245427
1.445298691
1.348793559
1.313185389
1.318994114
1.385532023
1.356736986
1.339813635
1.292264698
1.323559671
1.320674351
1.32292154
1.287438157
1.277498824
1.290522045
1.312223565
1.320141536
1.303346171
1.398303123
1.636712994
1.90224629
1.889460019
2.078060606
2.174336706
2.292218671
2.587063142
2.733765442
2.800920635
2.909441177
2.844628297
2.802259474
2.956198923
2.987862752
3.022198116
2.967916068
2.926514806
2.825466668
2.891302781
2.974211242
2.844365826
2.956333152
2.922816781
2.918436361
2.994436371
2.923962806
2.998813335
3.023278471
2.966619848
3.086465187
3.083965613
3.084951294
2.823103865
2.77441901
2.721967768
2.811493377
2.886356065
2.677256645
2.752244852
2.58425901
2.482082635
2.420314945
2.357632316
2.442250952
2.488718284
2.371094084
2.206844361
2.237051442
2.037607477
2.145850858
2.087014445
2.162630626
2.048765026
1.997413913
1.905960819
2.019080542
2.177447739
1.89333019
1.970216628
2.080530871
1.956302225
1.913017665
1.796679181
1.79585538
1.859590161
1.754612991
1.716953832
1.630984823
1.639296659
1.601444195
1.547782813
1.498404789
1.491159344
1.498988681
1.461124606
1.423158016
1.366923679
1.3890176
1.34735159
1.376519464
1.318976401
1.324153602
1.329966709
1.291373831
1.294939925
1.293820746
1.246126239
1.260274226
1.227731704
1.224426629
1.226989111
1.197741635
1.191528877
1.200651779
1.262974534
1.305258513
1.542237571
2.331549352
2.202906
1.974966752
1.776038842
1.795479987
1.813327061
2.131384174
1.904032084
2.026967429
1.817385694
2.121666142
2.103959097
2.100614429
2.055483026
2.204621219
2.026333465
1.957223606
1.836068619
1.843772848
1.975689777
2.04821269
2.161980877
1.909253619
1.867577181
1.888430448
1.922506958
1.76326001
1.769292538
1.770053839
1.807018635
1.754089103
1.719212974
1.728463377
1.797879252
1.84905841
1.7653627
1.81195581
1.807567088
1.809253769
1.748525358
1.774037988
1.719631636
1.719116089
1.736024586
1.781693278
1.792881613
1.810051457
1.819412182
1.790983855
1.820078218
1.830231569
1.777392922
1.783413733
1.808800252
1.761737352
1.762336004
1.840660795
1.882811437
1.833624236
1.788737042
1.79382118
1.799763161
1.761421812
1.779853496
1.71248019
1.672191811
1.673395489
1.645564349
1.589078389
1.606213929
1.565602923
1.538769679
1.515939748
1.495017149
1.486061333
1.423783155
1.388393936
1.320272626
1.329740201
1.349818819
1.330641039
1.32554549
1.350361216
1.35910786
1.312737472
1.309666858
1.277668068
1.27134314
1.260558674
1.226812451
1.239282063
1.244007715
1.2428865
1.254226506
1.314179616
1.331635301
1.3235654
1.323785709
1.361202745
1.406549806
1.422339734
1.459063941
1.536991482
1.563669329
1.591551452
1.607124852
1.708449568
1.755486532
1.784943516
1.776296259
1.772426869
1.787078617
1.811533256
1.834757144
1.822120139
1.79760579
1.824760455
1.889010595
1.886592426
1.900995059
1.871130679
1.868972301
1.89774584
1.876482924
1.867375695
1.871458039
1.852440449
1.901227388
1.960366012
1.94800092
1.862170918
1.868418318
1.854412245
1.796947497
1.938219537
1.900547833
1.909164771
1.808120276
1.948726116
1.907450432
1.890347411
1.848005161
1.932434793
1.935131867
1.887253075
1.858223026
1.873701784
1.860459895
1.876853148
1.924825964
1.968084245
1.930176826
1.964006577
2.080673032
1.985791542
1.914794212
1.936309947
1.926737593
1.973543352
1.921112229
1.849991015
1.811309573
1.789646863
1.692651616
1.612428247
1.585866482
1.555805843
1.506810286
1.449787821
1.44086557
1.382410941
1.356611801
1.345968358
1.347400147
1.342957784
1.313589832
1.33522391
1.369898172
1.342969029
1.251006083
1.229949605
1.183917319
1.203498101
1.203117497
1.20598849
1.232996613
1.188321597
1.185305176
1.18311163
1.175940702
1.163075633
1.145999462
1.205304694
1.292115556
1.309396045
1.341235724
1.3810855
1.397301415
1.466299219
1.527410072
1.586566198
1.614842338
1.581301733
1.584730165
1.72692899
1.644017797
1.585706155
1.57171436
1.642742336
1.681592074
1.647727068
1.658419897
1.60482817
1.6534213
1.772639026
1.803252451
1.776494898
1.804835315
1.772400007
1.786060233
1.793452577
1.822747255
2.068754881
1.947909703
1.806486803
1.883237235
1.857506158
2.017135848
1.948294258
1.907518794
1.969297729
1.947028326
1.844468987
1.853904535
1.846106827
1.777227555
1.800791748
1.854020828
1.852255565
1.84441483
1.787000784
1.778310031
1.741295705
1.738633013
1.656109048
1.706467193
1.755161995
1.67704444
1.787945353
1.772589131
1.724477682
1.660169754
1.614340133
1.589537798
1.639304345
1.694493529
1.617375784
1.557673968
1.778766416
1.531127184
1.496018561
1.525238135
1.485686061
1.4459377
1.399269602
1.397869808
1.34142827
1.323742071
1.302303538
1.282059999
1.257134108
1.267706066
1.285141649
1.284167266
1.280857072
1.267788961
1.226959613
1.243616732
1.214421434
1.144325479
1.173559589
1.16581242
1.144491924
1.172198418
1.156088124
1.144388377
1.14539159
1.141731555
1.146918034
1.13466899
1.198074758
1.214696007
1.219280425
1.244931899
1.28756305
1.27480872
1.337674398
1.351028306
1.374131145
1.415413085
1.452701784
1.463239066
1.497367568
1.467630588
1.473519852
1.500280055
1.490498356
1.452124617
1.499673764
1.508793645
1.500867133
1.485897432
1.513891758
1.561301828
1.628514818
1.711984358
1.62050936
1.631404975
1.650554896
1.59325882
1.570132274
1.665051377
1.57588219
1.536935427
1.54654779
1.469507142
1.685203035
1.65872681
1.597421487
1.507831294
1.487028806
1.558466281
1.525248652
1.513482864
1.507057563
1.548480687
1.473065938
1.536387348
1.558517057
1.529760213
1.567684054
1.548426039
1.501644296
1.517110332
1.604154319
1.63234201
1.491789961
1.467479377
1.483767217
1.523408385
1.463935549
1.515800897
1.485772129
1.449128755
1.40281051
1.371397545
1.338297043
1.300154074
1.289808926
1.267170932
1.255883232
1.251968598
1.202144661
1.200999171
1.209205176
1.158120662
1.166821865
1.173158801
1.159674168
1.117094411
1.033432699
1.007019712
1.002864034
1.035014109
1.007670402
0.989209876
0.996444462
1.019301664
1.046760281
1.138736326
1.280169394
1.671904513
1.684024894
1.765700261
1.9296681
2.027940958
1.956381039
2.068641687
2.031788081
2.164095897
2.25164781
2.440527555
2.451451826
2.731054923
2.674167913
2.67227819
2.670737994
3.028802932
2.949213006
2.819762639
2.860813284
3.055405929
3.02174499
2.922033529
2.473537287
2.672600152
2.793553787
2.561472477
2.567591345
2.757288794
2.750487539
2.878726939
2.770823665
2.904289126
2.886664435
2.826737319
2.718285697
2.557459739
2.570682432
2.483188213
2.559286348
2.312151558
2.341858539
2.549442068
2.670214858
2.491875035
2.596878581
2.428978181
2.250186155
1.944864339
1.947636726
2.301124242
1.95990311
1.732399206
1.749047652
1.701133894
1.74770971
1.894029639
1.89664439
1.948006574
1.733934323
1.762445752
1.784372671
2.063717829
1.906746426
1.769524897
1.878543361
1.634208539
1.716044248
1.629080052
1.506693971
1.451506565
1.418206513
1.365329417
1.376233878
1.360938352
1.300445762
1.293605252
1.293188062
1.286954943
1.292879692
1.260644133
1.217242979
1.182216557
1.181839608
1.202909687
1.182922376
1.192044471
1.182336119
1.170364928
1.121677165
1.148251992
1.128097851
1.13176393
1.155035733
1.245029016
1.345335084
1.100740694
1.115983726
1.174101506
1.17811253
1.902952448
1.961959003
2.109806423
2.130164865
2.638259358
2.460588319
2.422804894
2.406580726
2.381187048
3.064443394
3.147609619
3.092319955
2.763585252
2.431627948
2.451569187
1.813278885
2.424104023
2.195810694
1.896617877
2.646039406
2.602192806
2.693614681
2.901484271
2.965119377
2.925883374
2.796336877
2.770478665
3.08677101
3.011347652
2.940903297
2.98268531
2.699987868
2.767615935
3.0535338
2.714278035
2.693979826
2.627524258
2.518283597
2.572295181
2.474407065
2.387558416
2.237310645
2.442491287
2.244373474
2.173556716
2.129723181
2.00191459
2.116313468
2.120287206
2.241662942
2.168474506
2.053779771
2.218308468
2.347033629
2.289360484
2.178160971
2.377136216
2.29628201
2.358145658
2.293459565
2.050400265
1.891354842
1.951590135
2.016659152
2.184116229
1.940802442
1.846186806
1.734300726
1.658283671
1.699865597
1.49924308
1.63558039
1.467953526
1.454858358
1.426717631
1.412592031
1.383291663
1.347814876
1.310192761
1.268661096
1.256639495
1.276552803
1.267281849
1.231941832
1.251397757
1.216354677
1.20394132
1.2700737
1.216274934
1.231959252
1.250809958
1.583337374
1.73137071
1.805875155
1.974785177
2.519547529
2.5427237
2.228691297
2.406068477
2.408299587
2.785129074
2.803146848
2.939841971
2.869413223
3.203241574
2.972030387
2.804402255
2.612575281
2.660351532
2.491232916
2.751001055
2.589404355
2.785636245
2.675917442
2.772435329
2.950748668
3.252695335
3.233598835
3.098538945
3.073179377
2.940715374
2.722529352
2.734568635
2.821695545
2.876376468
3.561301065
3.588404165
3.285998581
3.060663013
3.046021671
2.866727355
2.628530258
2.538670697
2.706388074
2.836701855
2.725699706
2.658314871
2.024276313
3.000256123
2.363682981
2.414466532
2.444893268
2.307252548
2.273307361
1.930111787
2.029803116
2.08474741
2.002033929
1.929837352
1.963989687
2.022349752
2.085590339
1.942322139
2.083814155
1.896462034
1.892962809
1.916574571
1.862803579
1.7980387
1.750049506
1.735830787
1.692372241
1.68465895
1.587911039
1.530166713
1.505403016
1.49967995
1.455786947
1.397472217
1.414232978
1.383329034
1.367822196
1.341152174
1.310482692
1.265392782
1.251030661
1.256916376
1.232880321
1.233095604
1.214372865
1.214783329
1.227938142
1.205120666
1.206424527
1.195484301
1.22522544
1.207334481
1.409595816
1.699351365
1.829547794
1.851521516
1.780729261
2.161197452
2.445722948
2.38864531
2.481495832
2.524179171
2.612540806
2.726119439
2.760940016
2.627530242
2.634189474
2.773751139
2.814168897
2.609268881
2.753291294
2.713228513
2.838162968
2.40606159
2.697033003
2.649278142
2.79003299
2.693730955
2.743475316
2.835707113
3.215952377
3.016859042
2.988624229
2.860668352
2.967429581
3.035604374
2.879377761
3.055417906
2.913918639
2.990531384
2.953579461
2.873014026
2.668799829
2.709217052
2.820694448
2.849421006
2.751768516
2.709589271
2.809030268
2.722062084
1.928754439
2.143354552
2.110360765
2.153033939
2.070332439
1.826872632
1.8836595
1.885470152
1.941515855
1.945137323
1.897930271
1.959814594
1.786751432
1.777281396
1.827008136
1.806644954
1.834589223
1.808772113
1.765532518
1.815932439
1.794727299
1.681874788
1.658242145
1.620297004
1.589737993
1.541634486
1.583850732
1.495359784
1.459864604
1.397694588
1.416104975
1.379176776
1.361715538
1.29048472
1.279852677
1.252708192
1.240301793
1.256467252
1.256356382
1.245137226
1.228084964
1.198038619
1.233678827
1.192855267
1.140954579
1.149635798
1.134575435
1.135419912
1.207509881
1.504858103
1.65443419
1.691497668
1.887482865
1.932711316
1.923237058
2.277144152
2.216902868
2.136463306
2.28273481
2.223926519
2.209403974
2.473874316
2.630364668
2.798089119
2.736842923
2.27501189
4.906937797
2.4521636
2.255942239
2.129791197
2.200914142
1.849907681
1.808516929
1.878862071
1.855255644
1.884858149
1.876843753
2.069526519
1.867340455
1.794735555
1.810528739
1.875968479
1.849470243
1.782950188
1.87303071
1.80414421
1.813842135
1.778060364
1.739315989
1.683298071
1.565143045
1.559227586
1.502972221
1.462671365
1.451635979
1.429123076
1.425321221
1.375941956
1.334264886
1.389667261
1.330493233
1.325160399
1.231388013
1.185508312
1.189968764
1.19731552
1.208078149
1.191391988
1.174945117
1.140916764
1.027477326
1.118569204
1.125506258
1.102370909
1.076313691
1.094798502
1.170952658
1.124333566
1.251085487
1.259401
1.315907258
1.580411165
1.376344261
1.253841954
1.280916841
1.333888348
1.468482465
1.667154787
1.503448345
1.662746987
1.726595048
1.857491829
1.775954861
1.769547761
1.722023813
1.828320855
1.762995181
1.760240206
1.708451219
1.862130723
1.435616371
2.436469635
1.944671337
1.923399717
1.843022672
1.810829405
1.934416561
1.854544403
1.900301774
1.912177139
1.925782348
1.853773059
1.880036776
1.671455087
1.756618555
1.834070232
1.921547774
1.686720913
1.934590339
1.711103884
1.667914458
1.627636903
1.584402313
1.603449507
1.601914394
1.571938101
1.541042969
1.505022917
1.54302252
1.53326671
1.563711019
1.646676448
1.544823396
1.584619981
1.573555123
1.553556498
1.525340434
1.605284615
1.577363658
1.475568955
1.555056808
1.494362604
1.507163114
1.504046297
1.49100698
1.452770058
1.420429266
1.447854039
1.443160533
1.392345144
1.372947992
1.381947479
1.382530948
1.343224378
1.277692564
1.294288825
1.294932906
1.276761397
1.236569432
1.201276356
1.203930858
1.179966146
1.179513977
1.140319682
1.169732758
1.167905769
1.164091568
1.136777604
1.140333424
1.133931387
1.163051172
1.156472477
1.083913722
1.084162628
1.100526301
1.097638837
1.109962084
1.117654205
1.112178673
1.12807851
1.135184057
1.165944833
1.1860197
1.212006453
1.235382682
1.231102217
1.233037944
1.26724799
1.268798339
1.232090939
1.301136633
1.426747984
1.481717671
1.438744287
1.443858245
1.441429066
1.52179859
1.553086113
1.503210266
1.618824384
1.743617703
1.787828177
1.861327706
1.835959965
1.589063887
1.484625013
1.391317974
1.421302984
1.431157991
1.454693871
1.455537538
1.509952641
1.526613989
1.555336394
1.498347363
1.508766244
1.51663511
1.671974174
1.646882697
1.529191104
1.541571518
1.527582491
1.544981945
1.56702575
1.544834045
1.556226458
1.513766229
1.596095697
1.741075871
1.605364068
1.641449848
1.616348561
1.677400668
1.717407945
1.73506021
1.813441526
1.660267006
1.553417984
1.6099549
1.492642677
1.546191174
1.6050566
1.754057674
1.502874416
1.306485855
1.314625402
1.289793298
1.29411104
1.282406127
1.267569378
1.210772353
1.217744175
1.254009066
1.215770504
1.191955368
1.166782456
1.117596719
1.122537304
1.112274032
1.097140758
1.127155263
1.116748752
1.087355298
1.088458673
1.078455118
1.063712909
1.061635597
1.050644117
1.263429158
1.394617613
1.415191729
1.414553958
1.532552923
1.547098132
1.670301019
1.96339979
1.993424932
2.594380284
2.405332752
2.404463348
2.378579377
2.279919429
2.634910881
2.625283719
2.441022381
2.764149374
2.850149842
2.863303965
3.168018665
3.018514061
2.914344726
2.804005555
2.737855265
2.677888794
2.557294497
2.671740906
2.815535868
3.083206858
3.006096926
2.911776584
2.864783026
2.743628226
2.963021045
2.914017497
2.892660313
2.682062597
2.741947639
2.687835381
2.696371461
2.772135123
2.609470403
2.369235
2.55039129
2.443445584
2.146899471
1.998768894
1.923329758
1.906313806
2.074737706
1.952549697
1.89398719
1.823388648
1.619593655
1.935277626
1.885053677
1.895217206
1.761008765
1.770810419
1.746696639
1.861689942
1.845994526
1.785221581
1.723885252
1.641209681
1.56013399
1.55924209
1.434369078
1.396666857
1.393980619
1.376603118
1.398200471
1.400450974
1.654794432
1.446145952
1.297473997
1.24224982
1.226859029
1.230859954
1.199642767
1.171891313
1.179040532
1.133453399
1.133639536
1.13386801
1.125831239
1.113265073
1.12999343
1.141773002
1.093928312
1.056579246
1.028591866
1.031776371
1.010598317
1.02390663
1.035525556
1.047653341
1.230465487
1.442227726
1.618402103
1.664227139
1.993248071
2.162097874
2.158874732
2.282563397
2.307227145
2.172666271
2.395682745
2.598969306
2.542218884
2.490937971
2.592496177
2.50501501
2.510022139
2.355745477
2.54235729
2.743997903
2.707167877
2.538942419
2.504769784
2.648071352
2.807312319
2.642093968
2.701970655
2.733334645
2.712892577
2.651886187
2.673056532
2.911205384
2.647199223
2.388147394
2.613742526
2.627754997
2.736368406
2.82857771
2.612498719
2.409418594
2.26643209
2.201824361
2.258312835
2.306425045
2.314940619
2.290187987
2.201262406
2.126212355
1.964052987
2.101469681
2.215071542
2.095547623
1.908048819
1.866161416
1.892880342
1.774485413
1.751445483
1.715884326
1.751979294
1.771848484
1.540008009
1.666073731
1.631944948
1.651605906
1.657334982
1.59694533
1.5846791
1.580535277
1.544552092
1.471672936
1.433026733
1.415651259
1.385589847
1.354543041
1.337179857
1.337035929
1.293736047
1.257157678
1.210150236
1.215415814
1.229184871
1.226959461
1.212434654
1.169925245
1.190086791
1.154819184
1.133043028
1.114962519
1.090173375
1.084697598
1.087751319
1.103447504
1.099841393
1.099164275
1.106586251
1.08863593
1.083608035
1.162591087
1.271549865
1.482736003
1.614206161
1.912597019
1.983314729
2.083571455
2.266265932
2.343663558
2.172568868
2.261071429
2.314829619
2.419737574
2.434811365
2.370761952
2.454112655
2.274179674
2.358169958
2.454304026
2.499746868
2.401847316
2.422621513
2.527796297
2.589495784
2.49720431
2.519473165
2.718089794
2.729838145
2.572994984
2.862828903
2.905600403
2.608617316
2.468775052
2.645807229
2.390605061
2.412496077
2.436148577
2.494357194
2.4107754
2.52414761
2.755064581
2.612714948
2.562924332
2.542421877
1.964255229
1.885997265
1.921964423
1.857784774
1.766602145
1.734626289
1.797139897
1.739313142
1.726471818
1.713313701
1.741851761
1.719979836
1.744500336
1.750326762
1.862689042
1.791543052
1.79135873
1.691972776
1.648016173
1.700565991
1.657278306
1.641888206
1.630006423
1.561527609
1.511532775
1.540753201
1.420873293
1.401128667
1.356845465
1.32546351
1.328649561
1.449290209
1.34088094
1.287075852
1.28098658
1.288295954
1.248342912
1.295108162
1.242900603
1.215721864
1.186795188
1.178080009
1.147415353
1.141781578
1.122915003
1.107683183
1.123861223
1.089892523
1.062871595
1.068045376
1.23862029
1.377855794
1.460616616
1.734678748
1.545580794
1.712020626
1.881027694
2.30335191
2.265014339
2.20621421
2.351656016
2.48538939
2.508943768
2.454597519
2.606037935
2.512072223
2.557979423
2.58530401
2.558296865
2.573252742
2.602007781
2.660616542
2.937823458
3.10671171
2.777636532
2.84357749
2.825640806
2.815207006
2.785536487
3.081212652
2.954492765
2.880309381
2.993910516
2.847649535
2.951824313
2.759503768
2.532394016
2.899248987
3.106082281
2.298193323
2.304419219
2.275603403
2.32916641
2.428944084
2.346660687
2.323578297
2.111871206
2.019785423
1.795860361
2.020103581
1.931234055
1.865761629
1.835626206
1.784578013
1.690548238
1.68312519
1.578874055
1.600794899
1.580748886
1.590405529
1.715786566
1.645384039
1.539025753
1.528801128
1.594520404
1.527760967
1.522429845
1.443145128
1.455910491
1.407610175
1.410848316
1.391074844
1.333415935
1.266725065
1.296389988
1.316293455
1.264907776
1.210527501
1.242174247
1.244426779
1.227299812
1.212724527
1.17448026
1.159852386
1.142672503
1.151739139
1.154151917
1.153285945
1.132719721
1.142895988
1.118070328
1.09072026
1.074767754
1.072725621
1.07295959
1.167321219
1.325273942
1.443797487
1.286841868
1.548645216
1.69364589
1.7348674
1.848418103
1.972449219
2.20074019
2.161256765
2.132654635
2.102237152
2.25824391
2.114590258
2.187412648
2.279322471
2.481878929
2.234947116
2.364425052
2.488075071
2.252059381
2.419535319
2.30585601
2.593831571
2.220851929
2.538136687
2.668234068
2.678361316
2.600492806
2.472884826
2.412917445
2.272929523
2.270957077
2.373287468
2.404611726
2.598370523
2.578946613
2.504083026
2.383709471
2.596648942
2.399155477
2.290299716
2.028492568
2.231933487
2.015897126
1.865469594
1.965999313
1.918795339
1.9132395
1.798451897
1.684248298
1.67588751
1.773492835
1.675759984
1.725408392
1.782689369
1.735704056
1.70091657
1.695955039
1.726714503
1.77976703
1.592690556
1.585372056
1.561963343
1.503632211
1.461043434
1.39985819
1.388184486
1.390166932
1.36256968
1.311722392
1.331287241
1.32236621
1.302700753
1.29279797
1.278575934
1.226820159
1.211058593
1.225081325
1.208096119
1.20529107
1.192153911
1.197820652
1.225450799
1.189529023
1.185665713
1.207792646
1.16836095
1.159524722
1.129691023
1.197876204
1.140689027
1.137913136
1.113297617
1.105999267
1.136693433
1.159867451
1.14566594
1.125984832
1.163286792
1.158585331
1.182101892
1.227527127
1.231259616
1.474615852
1.736860519
1.433078894
1.395844545
1.282352435
1.551666655
1.690766665
1.480556229
1.446916687
1.435314467
1.446796423
1.541030781
1.692595265
1.510250506
1.472815802
1.522596532
1.601652803
1.422177103
1.592410013
1.55589379
1.643301306
1.618113865
1.692522352
1.735923455
1.905323413
1.782543894
1.715111174
1.76382541
1.704153152
1.860537019
1.701464026
1.799871465
1.704344523
1.548364594
1.644242
1.7479954
0.418991877
1.084983948
35547.034472845
2.206042432
2.897765394
1.487711197
1.387984152
1.461201606
1.71924799
1.681284806
1.329195794
1.512224226
1.571433577
1.467392718
1.493307869
1.331378605
1.513487065
1.314669929
1.344142435
1.273570425
1.283130514
1.259153302
1.235995404
1.207378016
1.397740452
1.325587923
1.284048984
1.257436358
1.196470968
1.189402503
1.166761299
1.184440187
1.151942029
1.117037863
1.089603483
1.112760585
1.121396279
1.093502817
1.082975749
1.10625342
1.117671789
1.053576719
1.079704074
1.078194042
1.051876227
1.057578206
1.016474027
1.015370372
1.026537949
1.013456072
1.018188074
1.025293164
1.009145653
1.005367063
0.9836923
0.985995791
1.003832138
1.001356872
1.012471299
1.022785039
1.077884618
1.067406822
1.0674124
1.073505315
1.101422616
1.16934101
1.321297665
1.19527469
1.345399842
1.277185323
1.389437265
1.267071674
1.268092
1.304215697
1.306318558
1.307374084
1.364520458
1.319385806
1.482234639
1.376228723
1.355225797
1.544842161
1.608966129
1.450853242
1.454428281
1.638407913
1.394656074
1.306801245
1.324125913
1.475448058
1.529540552
1.455733016
1.385981029
1.430711019
1.326132474
1.476535145
1.376363316
1.4411762
1.470070545
1.390003748
1.37231829
1.531795061
1.528489574
1.571121035
1.436601874
1.659527287
1.618594558
1.637892942
1.450351865
1.411178265
1.307931852
1.277099348
1.371514365
1.5344655
1.389998848
1.529015242
1.483228297
1.55271781
1.285233468
1.151928732
1.158960168
1.155793824
1.131372291
1.100735517
1.153397271
1.11143441
1.078297167
1.120430659
1.066827628
1.06379401
1.125135026
1.112996991
1.082481934
1.01629424
1.011488611
0.998870677
1.01160836
0.994166474
0.982898665
0.954228345
0.933978692
0.932596059
0.924834516
0.923347562
1.070097174
1.017296016
1.243701416
1.360543455
1.653759226
1.709254048
1.856582152
2.1391811
2.068395365
2.169065471
2.387252584
2.418511184
2.433707965
2.389724774
2.424097852
2.615350013
2.455401081
2.407407142
2.439498874
2.559633535
2.661939965
2.664058081
2.739604055
2.926432087
2.797110884
2.770126029
2.791862497
2.898968013
2.729362532
2.85586729
2.754331574
2.965169081
2.848155265
2.685591565
2.724782952
2.7635575
2.706277965
2.647479477
2.718393445
2.95487441
2.601210752
2.6599064
2.546421539
2.391823284
2.382735594
2.218201084
2.389657658
2.118909181
1.915615548
1.908544923
2.047481332
2.076831319
2.157786571
2.032250632
1.956202555
1.806526352
1.788978381
1.651949126
1.633208884
1.585186471
1.624780539
1.683683877
1.627885355
1.544914906
1.525981658
1.447919232
1.604334487
1.301552871
1.372923774
1.36975669
1.362023971
1.328670855
1.290753023
1.330000081
1.274902513
1.255790232
1.088014879
1.077759861
1.054957161
0.999105665
0.9989261
0.98816114
0.961205837
0.961434721
0.948218136
0.941551627
0.93963106
0.937820425
0.942109746
0.910321226
0.919473029
0.900391896
0.882152172
0.916748342
0.939245194
0.893033461
0.941569903
1.083120152
1.241724435
1.339945587
1.303937806
1.450435855
1.557918477
1.689622087
2.182074132
2.14502371
2.209654468
2.144458313
2.324613852
2.311570387
2.231838252
2.354105519
2.566998919
2.625010003
2.570385494
2.558338577
2.643536384
2.681440616
2.578105861
2.695503152
2.722511745
2.860099868
2.663704371
2.847802274
2.900598719
2.790544881
2.812805197
3.045201768
3.021871606
2.940594206
2.862817103
2.726378645
2.716229087
2.768615403
2.875953648
2.875843358
2.698119532
2.675902384
2.490393429
2.63228959
2.40147221
2.183613226
2.314375781
2.523358194
2.398534761
2.216215394
2.173522626
2.109926684
1.87637611
1.769062542
1.77421859
1.833434455
1.764227194
1.71333571
1.705002248
1.656807148
1.735834755
1.679778498
1.669340216
1.765002274
1.6663193
1.591366829
1.614403155
1.571257692
1.529787237
1.516825825
1.796731942
1.612846442
1.461780781
1.417060566
1.402435728
1.349158851
1.333714441
1.299931503
1.274900365
1.297945615
1.269070096
1.257889915
1.218196977
1.190592427
1.178554262
1.213683914
1.21982916
1.150401643
1.111722708
1.123745794
1.090419797
1.084914217
1.072261736
1.05093078
1.047067504
1.104744127
1.07949364
1.055154533
1.210346297
1.514381874
1.703793274
1.605924019
1.743093677
2.065490742
2.063004235
2.177026916
2.280539429
2.27197341
2.328419813
2.3670282
2.34701531
2.492047542
2.391769045
2.529099045
2.474572855
2.421738323
2.611339455
2.697099026
2.681586277
2.5600988
2.682480529
2.73625721
2.650705145
2.669918103
2.698060939
2.88877691
2.753157619
2.928921313
2.947296068
2.85437299
2.493688035
2.44025001
2.628667568
2.770289287
2.565178842
2.523493694
2.776747535
0.252412548
1.349474965
0.791020126
3.730282729
2.411297626
0.221719526
4.065269632
2.142417658
0.806805506
3.344826823
1.980300919
1.922352419
4.182373235
2.211850945
2.08916901
1.971053958
1.919162116
2.036106452
1.827693971
1.891289906
1.852355735
1.878014974
1.761478935
1.922852329
1.768075948
1.696303544
1.664902129
1.641363967
1.618283304
1.526075856
1.498770773
1.49922559
1.519238322
1.439386301
1.448967851
1.406380632
1.366349464
1.334675059
1.289264772
1.257378222
1.256933257
1.293070304
1.282060679
1.23492326
1.236462474
1.26188838
1.228551895
1.228644829
1.247459425
1.236934161
1.206253187
1.217247406
1.243201698
1.231602758
1.240289985
1.259535476
1.325634371
1.545897868
1.778080758
2.039430997
2.019781616
2.144613581
2.170659535
2.072302523
1.987773868
2.086701532
2.108274932
2.078809939
2.316975842
2.776038477
2.983265394
2.895519219
2.676906203
2.584283329
2.627307865
2.785628994
2.635772835
2.81048141
2.880873874
3.077747713
2.867318332
2.792056955
2.744058848
2.879116019
2.878462829
2.839550787
2.791060574
2.594060855
2.615174068
2.612876739
2.789138913
2.883065632
3.1189509
2.980908397
2.977456335
2.540151755
2.446475361
2.461788045
2.339663526
2.378604213
2.139065003
2.064528281
2.108555003
2.244341371
1.990220842
2.052613961
2.272959445
2.124489132
2.013466668
1.839859155
1.9054551
1.914466616
1.824855571
1.850762367
1.923531122
1.917797219
1.777308481
1.796420985
1.834312296
1.751458358
1.69293706
1.656191707
1.641366814
1.659451433
1.622429762
1.587103324
1.518688942
1.48221446
1.451209335
1.422501515
1.410845957
1.393535782
1.355844127
1.296976702
1.268632101
1.235548248
1.253489056
1.242912249
1.221531245
1.180447908
1.169905658
1.155478109
1.162334855
1.160270723
1.181092869
1.174943558
1.189281746
1.161698458
1.169597124
1.153301091
1.14838963
1.311338016
1.609392942
1.674096997
1.531733935
1.842367248
2.130413919
2.259242645
2.117687145
2.38488779
2.433354242
2.652777358
2.477657413
2.602580974
2.570117035
2.409534139
2.475887397
2.352386126
2.5593375
2.646343948
2.56311769
2.388240803
2.526670581
2.465861
2.380638161
2.429692139
2.451589684
2.456878145
2.558843574
2.503865897
2.612231168
2.61808539
2.576155371
2.640634313
2.6488789
2.577818361
2.555789855
2.563013932
2.366074081
2.291691903
2.430477194
2.380841506
2.141698439
2.01175469
1.901601816
1.8826847
1.779827019
1.772288563
1.818569556
1.84066377
1.815069874
1.838916759
1.865282053
1.84676621
1.878290232
1.904406517
1.874754304
1.868595247
1.85971032
1.917257798
1.882040928
1.759324866
1.812347238
1.811260289
1.776025225
1.773885063
1.838537115
1.757306702
1.699864962
1.594293088
1.566356927
1.51318629
1.485804088
1.512303284
1.477615024
1.486598473
1.439122541
1.426847666
1.431982752
1.32059558
1.310688428
1.287319814
1.253783955
1.250751296
1.245232128
1.238824176
1.241264309
1.225705644
1.23408272
1.24317657
1.247407669
1.228156565
1.207222169
1.194909079
1.195752583
1.20072782
1.232171115
1.241223412
1.252876639
1.221856988
1.216191087
1.303760219
1.319991468
1.680674423
1.5356431
1.568914052
1.608546935
1.534881169
1.491547047
1.509455829
1.566612013
1.60220341
1.599820224
1.652335096
1.603164321
1.633765932
1.726761016
1.804787177
1.840310274
1.661692436
1.892743932
2.638844161
2.840918487
2.502127077
2.245674416
2.171912774
1.857250577
1.851797232
1.894743768
2.009091326
1.932380626
1.944233639
1.973915765
1.903534348
1.733762187
1.751060187
1.779338161
1.769064532
1.863625755
1.657574977
1.584466944
1.677720829
1.589721432
1.589217165
1.578959724
1.620188435
1.599581313
1.643481065
1.670631703
1.705246765
1.505920516
1.418076574
1.476714361
1.395365337
1.614088074
1.537120345
1.447207591
1.373157196
1.430519158
1.338071695
1.373142763
1.339356815
1.308721259
1.284612387
1.377274268
1.282388789
1.345984277
1.412702132
1.234301261
1.271930968
1.264109019
1.207301281
1.194767903
1.194145446
1.17972239
1.152326815
1.1286074
1.138360163
1.104306542
1.104652399
1.129408051
1.178316968
1.227870323
1.190198084
1.110852868
1.134976629
1.164438184
1.098752806
1.211896465
1.024924053
1.017595735
0.998273477
0.982705687
1.004913137
1.024853295
1.028194873
1.109434142
1.099560424
1.095316263
1.085048891
1.090455656
1.07933645
1.118520639
1.085112013
1.131550332
1.131769014
1.168378979
1.262191526
1.193110506
1.285847477
1.235130865
1.244476323
1.22664121
1.328406568
1.250893163
1.245907306
1.29306829
1.255029661
1.240490789
1.247237816
1.280748219
1.302867958
1.397859619
1.533382413
1.403651977
1.399456948
1.380710894
1.405042713
1.455997306
1.425450855
1.42057089
1.409251532
1.561021716
1.574326948
1.707665797
1.715132571
1.546454377
1.561640265
1.686867116
1.667362665
1.612209232
1.469381803
1.489805726
1.456498316
1.447723513
1.489005432
1.387002987
1.400914781
1.378320158
1.345920656
1.316716443
1.34383371
1.295622648
1.263517319
1.231792093
1.367527381
1.513261242
1.394638839
1.410068959
1.461159519
1.465566781
1.407156465
1.463213958
1.269523358
1.357124965
1.208694772
1.383320397
1.380408523
1.187511861
1.132146818
1.11715896
1.100353859
1.092347077
1.091408788
1.075012629
1.084536472
1.081118735
1.066008433
1.066091761
1.030532336
1.040738968
1.063305583
1.04283862
1.014298123
1.025432067
1.006756023
1.002974598
1.024515206
1.117636719
1.311018406
1.520489855
1.70539151
1.6159379
1.964845303
2.1721776
2.145280732
2.150307265
2.353964768
2.277765594
2.4554067
2.672763042
2.788893487
2.863816755
2.650425981
2.552701116
2.505994342
2.537028555
2.533444642
2.508132039
2.530608226
2.402393494
2.409347674
2.609615329
2.772668768
2.792580265
2.690293413
2.683961232
2.728366874
2.755330135
2.8532919
2.8726447
2.767832348
2.743840639
2.839441587
2.785318629
2.69429799
2.396065845
2.298074694
2.199268381
2.243685461
2.232041958
2.226454384
2.279068345
2.222991084
2.122026926
2.016477752
2.13313079
2.186177926
2.023282106
1.875339081
1.928223148
1.742617694
1.762855152
1.733175197
1.866471597
1.85777389
1.6557627
1.698437329
1.695473039
1.628403642
1.535744495
1.591167497
1.62617961
1.628158403
1.485653248
1.480412283
1.424986458
1.41515497
1.396482653
1.523890039
1.483402919
1.425825651
1.389922982
1.33230443
1.319624559
1.286219649
1.254777877
1.223258881
1.221957759
1.24792598
1.188361697
1.193292605
1.163524698
1.144769578
1.142962154
1.148962064
1.145712858
1.122019403
1.111727781
1.101213494
1.07603537
1.082207501
1.055592106
1.079775792
1.240083571
1.332845932
1.508010326
1.661591516
1.711993429
1.732596916
1.893908471
2.149635752
2.13013439
2.218619548
2.208582816
2.221415335
2.279075242
2.477320748
2.657967513
2.483279084
2.348556594
2.275595248
2.388314629
2.375994906
2.503730584
2.558293226
2.52692471
2.6006722
2.688483484
2.79123379
2.737227116
2.61545939
2.487917077
2.769987629
2.667913006
2.744338739
2.910509394
2.768874068
2.628985006
2.511476168
2.69065909
2.784343832
2.574587416
2.587146406
2.385359045
2.380068958
2.248391287
2.192486703
2.043950906
1.929780571
1.809063532
1.946975913
2.102813435
1.923264094
2.032406265
2.067935355
2.100305335
1.979141826
1.897846829
1.841929724
1.774631931
1.770828745
1.773831093
1.801161855
1.77322704
1.713935619
1.702216777
1.603352239
1.621035883
1.560088639
1.548277484
1.531204464
1.49226225
1.481649617
1.467626992
1.434733726
1.366949323
1.371734521
1.328820247
1.293580779
1.286042849
1.332885673
1.268583404
1.220036466
1.23603097
1.206157558
1.196646168
1.158727901
1.142343843
1.117019306
1.13190725
1.158618367
1.136727651
1.13051439
1.128211637
1.125322029
1.105168239
1.14662282
1.091097594
1.072476212
1.215690265
1.384388235
1.596438535
1.775819723
1.714769984
1.784031661
2.035399577
2.083497629
2.338245955
2.267796155
2.059429732
2.213289006
2.251360303
2.288242016
2.552268681
2.481450842
2.467379787
2.364665755
2.52519061
2.492901161
2.465268932
2.417598068
2.680512432
2.657087577
2.728389742
2.578628819
2.684124303
2.771193697
2.970395145
2.927684777
2.920713552
3.044824297
2.909907348
2.778457694
2.823475897
2.521338042
2.757078026
2.834963223
2.612539171
2.473918752
2.414416823
2.279234142
2.125226668
2.206914916
2.198547703
2.381820471
2.23557599
2.173107429
2.361734297
2.240103706
2.238230113
2.415745881
2.100971042
1.86750081
1.841226474
1.944620365
1.816198061
1.790155089
1.74484481
1.728344823
1.862444706
1.894779302
1.860305938
1.807096515
1.791306552
1.828804244
1.798073787
1.798250586
1.763103795
1.736537449
1.709155118
1.659865905
1.604928777
1.635406334
1.595211193
1.524635235
1.502312827
1.439082348
1.368594134
1.363936474
1.368835566
1.349631638
1.299269286
1.262268468
1.240579107
1.238879739
1.239896002
1.21441874
1.203256282
1.197807929
1.22129559
1.23141396
1.214004316
1.21962039
1.193995579
1.218322549
1.335127294
1.423458994
1.710085552
1.76270931
2.106036568
1.90576819
1.977764887
2.052283477
2.178623523
2.265298397
2.2119605
2.292281248
2.432955548
2.419752081
2.565300377
2.467752729
2.592694977
2.735155997
2.936266581
3.001286606
2.756019239
2.777425577
2.609959242
2.536724184
2.469326652
2.607868713
2.822939348
2.893075687
2.725874558
2.638913635
2.754797029
2.722918255
2.708713506
2.666962516
2.789103903
2.679758577
2.568631806
2.448403906
2.586593529
2.569426842
2.538417652
2.389129806
1.898525416
0.93025509
4.030229026
1.689123987
2.874799271
1.898037477
2.007289798
2.138019465
1.919628216
1.885951976
1.904733841
1.937040932
1.92915713
2.024994616
1.971763561
1.882914329
1.908726674
1.889303536
1.901696674
1.917497261
1.892384868
1.835611942
1.800943572
1.815211532
1.842956955
1.692606256
1.682954768
1.625051873
1.568130179
1.543229158
1.534515689
1.501666425
1.451766154
1.438816632
1.415728237
1.407387804
1.389913634
1.355113061
1.398203575
1.362559687
1.387201401
1.384739689
1.355211995
1.330074603
1.33674984
1.319988892
1.311571235
1.356382214
1.361421075
1.313913514
1.261730335
1.24738842
1.265343944
1.149599692
1.271349267
1.476220248
1.468283674
1.613682658
1.67528221
1.774286419
1.948495784
2.055649003
2.131000348
2.205897861
2.379904613
2.283215855
2.504695045
2.30968609
2.270429952
2.367090781
2.360210613
2.250405277
2.377550152
2.277236655
2.400275939
2.629653242
2.775735732
2.696815513
2.627766784
2.634681058
2.796412339
2.623454745
2.798180539
2.830279339
2.724304626
2.6393994
2.639716842
2.50349151
2.328122155
2.185857042
2.255685577
2.306405626
2.398475081
2.483722952
2.293320984
1.976984906
1.864748929
1.9435262
1.979850703
1.931595574
1.93391077
1.835539063
1.808165729
2.227987865
1.950063552
1.802709145
1.849073812
1.874146984
1.848984674
1.851492565
1.97272131
1.972059889
1.915365991
1.884209381
1.939773219
1.872803126
1.829071776
1.72871616
1.791966953
1.835128481
1.819506357
1.744693959
1.639151208
1.561068786
1.636585633
1.528285429
1.475991157
1.441784366
1.507388703
1.417311581
1.367918281
1.369299017
1.360978653
1.357074269
1.344369048
1.27140059
1.259234908
1.222625904
1.223209233
1.233258053
1.217548408
1.224188326
1.215846557
1.199378398
1.193901929
1.194691242
1.158445128
1.169800295
1.151634878
1.180081045
1.189829943
1.224599282
1.238435864
1.240120997
1.25005588
1.281919329
1.351384766
1.342107906
1.331149565
1.487171656
1.451533087
1.455531693
1.486352203
1.518676231
1.546461452
1.746504181
1.559757781
1.496027776
1.565145599
1.574229597
1.539820863
1.562528795
1.634325147
1.644200998
1.687636923
1.87429896
1.77996153
1.753161767
1.674945233
1.737339682
1.690580924
1.650530295
1.628241545
1.641828144
1.655827997
1.699284968
1.781739603
1.681212419
1.752666584
1.729119645
1.561448429
1.658460334
1.674124397
1.63801652
1.639925071
1.629570009
1.653050359
1.702892845
1.764039997
1.68353551
1.545284961
1.551404868
1.536503524
1.574495582
1.609124905
1.576901145
1.532068048
1.456596151
1.50082715
1.572438572
1.606909956
1.572630801
1.533185351
1.550084405
1.540989115
1.514506273
1.535473484
1.579136349
1.531246111
1.510180612
1.532510951
1.525282351
1.51059861
1.48061406
1.481086015
1.442218589
1.394727218
1.349050617
1.343766131
1.346384915
1.328829314
1.332994048
1.302186576
1.307240608
1.269547206
1.247626584
1.252032245
1.211720131
1.234010744
1.219942689
1.200216069
1.223589357
1.233963956
1.210731116
1.189828536
1.180680096
1.176587244
1.159647341
1.191060716
1.164176465
1.182224148
1.19394613
1.183134954
1.141148191
1.286343099
1.292615346
1.258330416
1.31119363
1.36501096
1.374434336
1.350066494
1.310676795
1.363839523
1.38066851
1.324921885
1.346971512
1.381794834
1.405019777
1.402539181
1.486258132
1.531798103
1.531573869
1.516613892
1.57774862
1.628271406
1.585329731
1.598065727
1.572069039
1.521135576
1.514989053
1.536819098
1.583175828
1.555993444
1.523231913
1.541134543
1.59941195
1.640059214
1.610564895
1.594261166
1.643044404
1.661057129
1.60927864
1.597041532
1.671515477
1.606799778
1.549289109
1.577665784
1.574114217
1.596705012
1.596080645
1.706774077
1.884658065
1.624101771
1.653616736
1.59812826
1.64875142
1.565072662
1.584533309
1.602282322
1.604439482
1.603761181
1.567727341
1.594074396
1.585183893
1.547962975
1.490996788
1.495631088
1.497701044
1.472024909
1.461275201
1.48985192
1.489167925
1.427289737
1.468081972
1.430274575
1.384528165
1.359621334
1.3337613
1.282989573
1.277603496
1.264628974
1.227078987
1.199622618
1.201619331
1.187282291
1.188529079
1.197944723
1.182466059
1.176934684
1.167691681
1.170146878
1.152349319
1.128480528
1.13172649
1.142303696
1.176013452
1.151605918
1.160807081
1.196774245
1.4765502
1.421603365
1.556191271
1.764287587
1.945808839
1.863985813
1.807072697
1.837884716
1.83776481
1.842867529
2.043896848
2.384145539
1.612806184
1.678613823
1.673871161
1.633770471
1.758106513
1.693022087
1.630839913
1.630280687
1.711271129
1.733097377
1.718328148
1.625325619
1.60608219
1.558287245
1.542636452
1.538794765
1.543672366
1.551805726
1.560663944
1.503970548
1.453620989
1.366395142
1.611081332
1.67778939
1.399284087
1.418756432
1.517743781
1.543540949
1.590188358
1.481777379
1.494359207
1.617523257
1.632504707
1.57608961
1.492247794
1.522609573
1.538637066
1.593714304
1.616146878
1.648969316
1.597055567
1.591353107
1.605068769
1.586324638
1.625752995
1.623210862
1.557762925
1.583596461
1.560812863
1.471492103
1.519202884
1.392552777
1.342702412
1.330808362
1.339343999
1.326723559
1.296435663
1.302004329
1.290289516
1.287971043
1.281760592
1.252304334
1.236246171
1.222856136
1.21148157
1.206479201
1.190899133
1.179648721
1.164963832
1.165807734
1.126970402
1.120641936
1.113299398
1.125135037
1.148147906
1.140791977
1.163959096
1.164876474
1.192817181
1.198794296
1.188801039
1.228850541
1.26932732
1.347927783
1.394675637
1.36522649
1.394676867
1.374663151
1.392714607
1.431553344
1.542134499
1.549701471
1.592488944
1.627040539
1.658368525
1.662010144
1.720855626
1.628028112
1.559337506
1.606594382
1.607659121
1.590308049
1.556483969
1.554627001
1.567274304
1.556529259
1.606564694
1.524726013
1.525131441
1.493836901
1.485844727
1.352048212
1.389976484
1.430794458
1.367409213
1.497056036
1.390902542
1.479112767
1.474162548
1.456403268
1.473387627
1.57575453
1.51577539
1.5657396
1.569279628
1.724064722
1.736642005
1.68350095
1.760010524
1.711820574
1.731327072
1.566517524
1.782339738
1.713896469
1.824690915
1.80601739
1.890690222
1.728924474
1.821397216
1.702859911
1.771788245
1.678085023
1.783926702
1.762153697
1.760502993
1.724844158
1.685369069
1.679387995
1.692833817
1.665316953
1.588850909
1.589101841
1.557191265
1.538267252
1.50399003
1.53529919
1.495665624
1.466737401
1.445186345
1.438233021
1.435173631
1.440918521
1.415376042
1.37895437
1.352138147
1.331628412
1.310180952
1.30127085
1.283959609
1.278519996
1.297976787
1.290212749
1.261293897
1.298042577
1.350183513
1.468149423
1.653808026
1.838272881
2.085948403
2.338311248
2.582686897
2.430794994
2.576151555
2.666649984
2.384069355
2.651758484
2.001073645
2.254103481
1.957233942
2.462253852
2.739120832
2.695535803
2.631969619
2.461144097
2.507201503
2.475017081
2.129864119
2.214586677
2.14863811
2.613301561
2.701106503
2.252413461
2.185363842
2.563836187
2.96964291
2.773072
2.946050087
2.718478339
2.357370019
2.045585224
2.0970568
2.168334474
2.300768177
2.287736852
2.018835113
2.459936223
2.041020335
1.997080181
1.834311523
1.947095175
1.944485376
1.851538476
1.851359239
1.814145135
1.937426206
2.159170045
2.020616013
2.109309594
2.101315135
2.064322771
1.963054058
1.835099268
1.974050664
2.024233966
1.976040536
1.977690748
1.937252735
1.921279412
1.946486249
1.939148911
1.912351678
1.86181071
1.809565958
1.780166529
1.695681368
1.70253022
1.691169594
1.685788238
1.61829899
1.573463633
1.551229743
1.507911329
1.440480363
1.394965603
1.395172569
1.379668495
1.373619874
1.335110733
1.316174983
1.29279982
1.243566264
1.254391791
1.276501492
1.268095738
1.275328999
1.073004727
1.097468176
1.184774482
1.233443476
1.214483031
1.606018165
1.822059239
1.885115535
1.945790884
1.941389055
2.3398315
2.269221894
2.236015697
2.678566842
2.675093197
2.827407377
2.633178403
2.637900377
2.502011897
2.539495306
2.385378455
2.228347381
2.389054168
2.643642684
2.708449219
2.692886039
3.214298635
3.433836387
3.151229094
3.341950506
3.271576703
3.269218803
2.939040952
2.8574414
2.840978877
2.585957929
2.049257687
2.389354735
2.430435842
2.573234787
2.578991965
2.765567303
2.768413519
2.067336761
3.047014781
2.345537694
2.199355448
1.910416329
1.88815841
1.8998064
1.946484738
1.932531405
1.940617614
1.81741493
1.724566714
1.542922874
1.577142868
1.682865044
1.686403339
1.707209552
1.806793768
1.834785681
1.897468387
1.917379176
1.916771807
1.91036033
1.869044241
1.795460766
1.778856352
1.730541638
1.662341638
1.693748606
1.693930175
1.687707891
1.65180527
1.622768332
1.569610315
1.544954825
1.520935651
1.486001004
1.422067645
1.407905296
1.368749344
1.333107846
1.287335746
1.287785679
1.305534527
1.300764487
1.277511089
1.289018549
1.294543552
1.274840502
1.260605404
1.248576365
1.247208399
1.239121382
1.214116321
1.206453369
1.204316605
1.201290074
1.312694635
1.460909919
1.749154126
2.076517513
1.877700255
1.828339916
1.941463794
2.264388897
2.162445958
2.426913774
2.34561551
2.281938868
2.334631729
2.259717171
2.203537426
2.383865103
2.447117123
2.529834045
2.696083784
2.7828967
2.746618816
2.671045626
2.930715455
0.241799355
2.408270023
2.292215219
2.645376958
2.728733287
2.787671458
2.965783448
2.777388032
2.682501032
2.489462713
2.697044974
2.84161629
2.694856126
2.787234848
2.5845672
2.449272229
2.226274265
2.076788152
2.307766974
2.179026935
2.003721061
1.984856013
2.087804223
2.24860551
2.007429971
2.099238574
2.046844997
1.957596906
1.957966397
2.024776774
1.967731232
1.943208232
1.8979437
1.766465732
1.643636753
1.719901713
1.638557197
1.575059008
1.60796455
1.641079813
1.636790268
1.639901668
1.74533421
1.775295684
1.780503429
1.479496897
1.592479848
1.548962832
1.425942787
1.498567103
1.620966065
1.61451471
1.403393139
1.350072658
1.260612328
1.216879806
1.242680282
1.268426671
1.209117377
1.199367386
1.217003809
1.222638977
1.22261659
1.188720253
1.194872833
1.184026454
1.16963665
1.256270739
1.178722013
1.171078555
1.108674692
1.128650499
1.160228631
1.121978998
1.189674606
1.181470204
1.21721245
1.291510148
1.270826879
1.301783787
1.36931052
1.443452057
1.47342991
1.530439348
1.492140005
1.490691281
1.9621745
1.698767829
1.877688648
2.00173701
2.344747194
1.931617513
1.946856368
1.785776281
1.746715614
1.773155567
1.820987079
1.818095913
1.754472319
1.885091638
1.749438883
1.791780441
1.766097302
1.720471672
1.696026077
1.552789961
1.578022466
1.473781024
1.479108526
1.389759923
1.451952397
1.629406919
1.634749787
1.622879109
1.664345381
1.616778823
1.434396889
1.436535001
1.507092368
1.387549425
1.494393835
1.332922365
1.545278226
1.514626384
1.478714778
1.491416332
1.493512657
1.487201487
1.390972444
1.519775719
1.447623561
1.467885409
1.588236138
1.569416423
1.496836968
1.445593237
1.44474671
1.434116284
1.493921458
1.489146416
1.48978088
1.498797319
1.494652171
1.441177888
1.461326066
1.431782346
1.41011474
1.355901998
1.347233105
1.312058948
1.321981694
1.283382079
1.242657802
1.223528942
1.208750089
1.178148342
1.127064004
1.108111009
1.120487979
1.134798065
1.147993903
1.09536597
1.077540494
1.07147861
1.05511653
1.074967819
1.106591324
1.076214759
1.06171596
1.043378463
1.07375026
1.091036935
1.093936887
1.094049524
1.091662531
1.093690336
1.098936807
1.092966019
1.124730546
1.128172053
1.155366302
1.189071008
1.179537828
1.440601548
1.510449494
1.44005629
1.407441061
1.519493297
1.686383887
1.718572839
1.557949132
1.508202065
1.377113686
1.364901919
1.379521581
1.332116629
1.397254135
1.342840774
1.4247788
1.512536403
1.544751113
1.451260465
1.400995329
1.424413665
1.391359444
1.336362926
1.329423984
1.264806645
1.367566203
1.339280059
1.376681113
1.560745994
1.438933839
1.575336026
1.567924006
1.654598526
1.584119897
1.572799268
1.51249966
1.519480667
1.409261043
1.468237335
1.51421182
1.475748742
1.472978474
1.460978593
1.457073326
1.417218413
1.453325024
1.47602335
1.431425278
1.408826532
1.345305152
1.331647028
1.38550311
1.301682415
1.309319314
1.362001129
1.341257186
1.32568977
1.320550291
1.300438428
1.260035794
1.309470704
1.255727108
1.212704776
1.207816029
1.213353638
1.190934395
1.123194918
1.07303679
1.055440996
1.055423365
1.051048643
1.014767608
1.026432151
0.999549552
0.964257192
0.964970802
0.938821306
0.9192465
0.936060163
0.977044939
1.052551571
1.084076806
1.345507945
1.728246435
1.969119245
2.095499561
2.422150077
2.330258935
2.533859471
2.653581829
2.799493626
2.89480689
2.961319774
3.170008348
2.995078684
3.126804774
2.634747613
2.587886481
2.731965861
2.669678852
2.725077713
2.683471294
2.823870248
2.777462216
2.713094652
2.910777848
2.730633368
2.831284429
3.001157455
2.709566048
2.735066748
3.044139184
3.029469358
2.874051755
3.034297987
2.945993313
3.156021452
3.068420574
3.023223881
2.887684026
2.929407084
2.489957723
2.483698645
2.59052789
2.519862965
2.439608432
2.371168087
2.280485919
2.20450641
2.071182803
2.174819748
2.099019274
1.957633555
1.872884684
1.682162006
1.614563135
1.794081829
1.700975542
1.736893716
1.750314487
1.852097613
1.606686052
1.674129645
1.630025277
1.582209116
1.506159777
1.597365077
1.621734074
1.451793379
1.480358453
1.395629612
1.419217458
1.392932714
1.402715912
1.400933474
1.408313919
1.417214423
1.319684657
1.275833863
1.386641119
1.202751138
1.16231767
1.165007902
1.126628949
1.095113455
1.085102217
1.050085999
1.034983287
1.034599919
1.016906833
1.011286049
1.027383608
1.044039661
1.035055381
1.026994171
1.028178449
1.06068988
1.070701647
1.177949652
1.493092894
1.658581152
1.894599023
2.024103803
2.023604442
1.967370626
2.246539639
2.207262468
2.354581135
2.233864935
2.194930406
2.516902306
2.691032584
3.044731252
2.904619613
2.956781919
2.877607558
2.934226474
3.048441787
2.971389719
2.546008697
2.824480271
3.045919358
2.842249342
2.823396271
2.816153135
2.6039815
2.814277913
2.924521494
2.876526848
2.798270865
3.086584177
3.283025939
3.307287016
2.963979161
3.179902145
3.018697987
2.650973423
2.688112365
2.611701329
2.505501503
2.282190816
2.317499519
2.036770713
2.207619265
2.372427313
2.383457706
2.339465803
2.154030684
1.947465661
1.887932713
1.937567145
2.009744884
2.017007968
1.921145626
1.914821416
1.963471629
1.981584077
2.058272826
2.045295561
1.934405677
1.925327606
1.91232511
1.776478894
1.66661751
1.548181952
2.045047052
2.132101584
1.903709035
2.085927726
2.1551983
1.90626049
1.699389455
1.573026913
1.457535529
1.407875119
1.405877749
1.351720689
1.340806774
1.312431223
1.313230936
1.274975574
1.240363448
1.260664611
1.230659747
1.193382001
1.201904823
1.205234053
1.193646359
1.170292424
1.183116866
1.15590774
1.158955263
1.176156467
1.185906055
1.305883226
1.432617255
1.612825768
1.55718911
1.79330619
1.786661468
1.988478032
1.971773539
2.42865549
2.277603606
2.197200519
2.277005561
2.542082487
2.646957787
2.652018065
2.606288432
2.5963638
2.524367823
2.459644
1.330985587
3.464012806
2.513365719
2.515534613
2.541114394
2.360497584
2.443583803
2.787493506
3.086400616
2.9890311
2.760928955
2.77470761
2.764245513
2.760235858
2.357860323
2.495324555
2.573367568
2.733765623
2.693792261
2.797716535
2.597893284
2.541787358
2.391332797
2.257632448
2.137896661
2.239075394
2.096875955
2.133547268
2.040815371
2.011605042
2.233161681
2.123002819
1.87411361
1.966616768
1.925581177
1.890155484
1.910974474
1.862794439
1.872566513
1.808572619
1.795505294
1.832394834
1.706413083
1.75124871
1.722046535
1.684920801
1.701704206
1.725106991
1.686705124
1.635536182
1.601709594
1.667291023
1.592602645
1.636205826
1.579190948
1.600964781
1.505887139
1.48238809
1.484388113
1.378289319
1.358393977
1.283502039
1.25677083
1.243587163
1.237953974
1.227332157
1.205676758
1.209280643
1.192258278
1.208517034
1.208526851
1.205935152
1.221590569
1.211760664
1.223382671
1.234343879
1.243084644
1.228989714
1.33073999
1.617247545
1.7351373
2.113265729
2.191255416
2.358898242
1.920257171
1.789189342
2.125092994
1.970450655
2.267883577
2.390853019
2.297734771
2.527681835
2.83922809
2.911797997
2.103318423
1.911180716
2.002234194
2.49220281
2.785362165
2.797178342
3.033357658
2.926136594
2.623847826
2.670618997
2.603456919
2.7069259
2.7113357
2.648950916
2.566853623
2.634282355
2.695229423
2.688956742
2.633316084
2.570657758
2.438825552
2.569234929
2.375268797
2.48919571
2.400379148
2.353488623
2.275151565
2.548390552
2.432750213
2.227957935
2.232669932
2.153604587
2.263463074
2.217831413
2.075420832
2.153686587
1.902750019
1.925324516
1.855056835
1.791110035
1.818990014
1.844408626
1.816028301
1.814768592
1.787709
1.782222602
1.909183603
1.867995829
1.860591442
1.914624242
1.852446429
1.944103768
1.778600445
1.753018671
1.628180535
1.717428445
1.534323297
1.41725016
1.487837084
1.447155032
1.341647255
1.29737612
1.267888362
1.222956906
1.20246232
1.211515495
1.191011783
1.189393775
1.175247535
1.157781307
1.127646185
1.128339926
1.121776414
1.131340895
1.145919906
1.140972808
1.155731032
1.175880183
1.189483226
1.204784484
1.413041513
1.674529071
1.848750945
1.806293616
1.758497216
1.870971371
1.978144532
1.912233326
2.055844723
2.133232013
2.23073431
2.280142177
2.372946087
2.561057997
2.707897606
2.913061739
2.786367255
2.972575284
2.843480623
2.695355319
2.231511929
2.578887306
2.473279716
2.602831116
2.650882916
2.557320977
2.710259503
2.774352984
2.631268723
2.750864829
2.674614319
2.502937539
2.238238277
2.053689432
1.974975997
0.343859103
4.323454768
2.2992093
1.882182432
1.689366035
1.745128329
1.846341719
1.68723016
1.705486989
1.698773807
1.751948296
1.72732173
1.721974851
1.69774604
1.701157639
1.708218644
1.70896269
1.771870976
1.791648392
1.868687466
1.898039648
1.902839597
1.711278281
1.755974197
1.791381644
1.742092677
1.74393206
1.715777943
1.686152324
1.46383049
1.631773923
1.609248157
1.573636638
1.553470804
1.569300715
1.525078314
1.296109089
1.476940576
1.44721271
1.441597362
1.439365507
1.397967837
1.329709333
1.314403159
1.28865369
1.323896063
1.255333676
1.218145186
1.201978591
1.176255141
1.165620637
1.154717065
1.14704049
1.13486792
1.137294064
1.118681222
1.131363446
1.142066974
1.123872821
1.136013129
1.139503754
1.096829598
1.084858795
1.10785422
1.137462981
1.145334187
1.146049296
1.157010258
1.192053092
1.344852945
1.454213684
1.275432711
1.326340718
1.43916946
1.46679861
1.458395839
1.481995565
1.512959216
1.599945268
1.616236673
1.653356877
1.731180168
1.70671809
1.717624461
1.753654353
1.73310664
1.770213805
1.717099741
1.723047919
1.705823275
1.716356164
1.74397871
1.756040188
1.79448718
1.749451288
1.731575005
1.699053898
1.701398929
1.703726446
1.653986551
1.663545632
1.660338131
1.666898843
1.62659521
1.500062557
1.499351654
1.485338025
1.469949975
1.44371557
0.269105768
1.893174097
2.328783369
1.670092288
1.614232755
1.639902024
1.647548985
1.63568981
1.60611453
1.588436638
1.568883924
1.585239315
1.602643303
1.55642229
1.516666795
1.495496754
1.478332769
1.502048283
1.551939428
1.495627621
1.445704762
1.407043213
1.335802858
1.406947643
1.394420465
1.330354271
1.254333088
1.231203551
1.228195365
1.206765184
1.189646055
1.149685679
1.121557662
1.116537991
1.098061287
1.070743551
1.075413358
1.063283864
1.055041789
1.007345935
0.985254557
0.99989193
0.978013949
0.958130058
0.939095809
0.97573021
0.998075918
0.974036887
0.986112622
1.027291835
1.024101143
1.026195231
1.044579763
1.056551915
1.072205294
1.077808025
1.101842874
1.144705955
1.185972056
1.187844089
1.200638108
1.211417325
1.243018701
1.244642086
1.210434989
1.289293426
1.325601289
1.327096981
1.351167233
1.347832168
1.37712273
1.384004395
1.387072103
1.383572117
1.42739195
1.454277184
1.448700354
1.444182326
1.423203164
1.414830552
1.432749934
1.470819694
1.471748958
1.48678211
1.584685645
1.537087877
1.518593955
1.465833971
1.49160767
1.496574837
1.546020513
1.537861392
1.511916589
1.478186649
1.499147522
1.563207601
1.561355459
1.571359881
1.585540094
1.609715428
1.533149773
1.495432135
1.451873989
1.444790946
1.480788376
1.466373701
1.409875604
1.415912453
1.414583907
1.385980596
1.410142281
1.360382179
1.365541666
1.38245513
1.384482255
1.377032784
1.356987906
1.330189642
1.355374702
1.364597497
1.298488492
1.273806808
1.245666116
1.237778966
1.194239821
1.172325465
1.141046869
1.118714867
1.139441115
1.125615323
1.09207569
1.104605751
1.065178166
1.041229656
1.016630116
0.996132811
1.01326075
0.995281072
0.97650346
0.991739486
0.984209065
0.973152451
0.975442986
0.970271185
0.938646954
1.014118219
1.31774929
1.391712987
1.384668306
1.721627655
1.934258752
1.507255739
1.726246958
1.842500748
1.657333
1.686719103
1.542959145
1.785458487
1.735283326
1.723573981
1.702583571
1.650667958
1.519429994
1.515713106
1.459228065
1.5223629
1.717291855
1.847147097
1.950482932
1.739054265
1.842213794
1.863494058
1.910448435
2.190070387
1.801369942
1.983689661
2.007692619
1.971319874
1.908280632
1.664659748
1.654565326
1.764786968
1.774907503
2.07242079
1.872557448
1.920906006
1.7566971
1.671340935
1.719609865
1.777856748
1.514602445
1.473956219
1.410952012
1.420226481
1.458437396
1.4703366
1.465330964
1.487604614
1.469860855
1.402269576
1.420540298
1.435761798
1.567090615
1.512405731
1.51023224
1.535872573
1.564930655
1.601257542
1.607589815
1.492465361
1.54275227
1.484270767
1.468819118
1.380448728
1.373129678
1.254342952
1.221447203
1.215423815
1.213683832
1.188060556
1.15158004
1.126141952
1.089389933
1.027855505
1.006760814
1.014142562
1.039769704
1.000923505
0.989027792
1.015560738
1.017374735
1.000963019
0.988930641
0.979339496
0.98352097
0.993090676
1.002898687
1.024294321
1.032218138
1.230942361
1.046162415
1.106313858
1.0676002
1.224905303
1.500125787
1.630309155
1.713346055
1.559375952
1.810378916
1.803685765
1.819298832
1.949385329
1.960746577
2.205777058
2.234139742
2.1811084
2.099654323
2.175222616
2.078638884
2.048936258
2.210850745
0.576107481
3.810354968
0.1186146
51.721382777
39.095043352
61.977578419
1.306985897
56.191251598
48.313616909
69.234936581
67.208152828
84.391530126
82.195995304
18.909940846
30.247969996
1.802442569
1.827271329
1.101930777
0.734746223
2.71474139
1.725574449
1.702401966
1.663198465
1.63365357
1.612219125
1.62769267
1.593583309
1.600992799
1.583848342
1.594289281
1.611914386
1.593765686
1.624732374
1.709879646
1.716849805
1.70836624
1.758576721
1.763612957
1.76090841
1.727890299
1.690323079
1.685821614
1.685903395
1.6968419
1.596093696
1.549690751
1.646050351
1.648329486
1.544871006
1.542068703
1.448016994
1.393521526
1.329097749
1.303772403
1.255880994
1.263549779
1.223040188
1.226528881
1.188400743
1.145392832
1.163816304
1.167414708
1.148353888
1.133955334
1.109878768
1.229220016
1.196383251
1.145806928
1.130101253
1.14494584
1.120657775
1.139521467
1.128727969
1.120632283
1.109651195
1.1182317
1.160283784
1.2788017
1.382044661
1.395673119
1.509965539
1.69658079
1.895072081
1.700435719
1.775080006
2.251670655
2.195056471
2.120858045
1.985751897
1.994761968
2.423060842
2.162512174
1.91723719
2.158315687
2.231665206
1.982823171
2.055483939
1.921716458
2.061829542
1.861593265
1.940947558
2.0519508
1.995377603
2.137185435
2.186745674
1.907978435
2.118861655
2.077505555
1.870764042
1.940831281
1.974712613
1.805823094
1.811261374
1.899758516
1.773217671
1.663547718
0.617353836
0.612463403
0.384215122
2.971556597
2.967151326
3.058567048
3.033843242
3.027264177
3.052586029
3.028344187
3.053463052
2.986991348
3.039305835
2.913270348
2.808819497
2.744556219
2.731565352
2.776201358
2.871447526
2.969784945
2.899785903
2.921999432
2.935590345
2.941860861
2.7686564
2.572084223
2.424605026
2.071494971
1.901290906
1.768599448
1.917152835
1.892534245
1.862456142
1.826618694
1.809562658
1.711601439
2.001265561
1.957402284
1.839843916
1.911751368
1.751328829
1.663350829
1.631832129
1.698604758
1.755244335
1.599971123
2.010806923
2.030035481
2.389276377
2.383542952
2.350722945
2.303836771
2.207193716
2.140383723
1.730011919
1.636086832
1.398379855
1.383981384
1.344906274
1.398762403
1.332802219
1.465508739
1.434594958
1.394642832
1.316571158
1.235362684
1.2042044
1.23445881
1.261697058
1.326312594
1.365408735
1.273780616
1.295707532
1.246111742
1.272903219
1.294166619
1.479368839
1.514240932
1.747664903
1.526781419
1.539149932
1.406562768
1.720062965
1.864422971
2.149599665
2.325967042
2.208619448
2.460386606
2.3143756
2.576318794
2.326593745
2.464676158
2.652771739
2.882077052
2.888189381
2.857433606
2.820340916
2.955656923
2.893760452
2.84828169
2.951745774
2.750486077
2.697008874
2.874310052
2.780036706
2.688634587
2.785538116
2.668435594
2.674434561
2.622847452
2.829616174
2.944814632
2.740625658
2.673354919
2.436125548
2.533236948
2.648875816
2.527709777
2.422385519
2.437486703
2.423994106
2.65066761
2.349887639
2.046620619
2.095686029
1.931510677
1.978202939
2.120692071
1.926402335
2.058923481
1.953720948
2.117522629
2.08238951
1.869293139
1.914651455
1.851917858
2.179820881
2.194203939
1.995597097
2.032136168
1.994547187
1.974927571
1.831978981
1.918545923
2.212142252
2.195250016
2.301125881
1.771921987
1.513124893
1.632640768
2.192418316
2.108695581
1.903094116
1.748711165
1.621197516
1.420011835
1.296104626
1.287843632
1.241275344
1.202283938
1.164510724
1.159986181
1.163161982
1.16441792
1.164623937
1.173818757
1.149065273
1.143397289
1.133473817
1.140585562
1.148320876
1.116608759
1.138937576
1.217188003
1.467759797
1.672695023
1.950583594
2.15870749
2.379782174
2.186940487
2.333023874
2.662793416
3.011050171
3.127089923
3.121679932
3.260459965
3.353164652
3.349191458
3.040520984
2.619639735
2.698986942
2.704232419
2.86462631
2.692943894
2.651388439
2.512107048
2.656036052
2.564274426
2.525976216
2.496409816
2.732749284
2.796056445
2.667343616
2.498442113
2.580358194
2.458294084
2.500526313
2.650959819
2.6897135
2.845943374
2.804181684
2.770139087
2.912403655
2.48868109
2.501481152
2.633566768
2.68042519
2.579721513
2.484620477
2.503274203
2.374518755
2.281285674
2.196260552
2.285664271
2.40007241
2.413432413
2.23600299
2.210638697
2.199296855
2.726566568
2.58993239
2.578446694
2.55281721
2.430810058
2.3648047
2.597942619
2.503336058
2.361403258
2.252523735
2.164818561
2.188942865
1.762362123
1.606541477
1.522223958
1.501960292
1.514601152
1.503697054
1.502591933
1.514656329
1.459378626
1.403348747
1.383048311
1.37261597
1.340764893
1.32509953
1.288319957
1.264271356
1.268014378
1.258445515
1.249021107
1.21655971
1.217045994
1.229789885
1.226738753
1.229117277
1.231219717
1.212503022
1.2074248
1.222355373
1.267316555
1.27861559
1.339473423
1.159368
1.198124277
1.467031519
1.660986942
1.848765284
1.903530729
2.007793106
2.043151332
2.293262026
2.223846519
2.253153352
2.452708145
2.50042999
2.708382645
2.643088535
2.397185755
2.842419129
2.941440942
2.742811426
2.589848584
2.68052749
2.604371132
2.597539029
2.920219629
3.04131239
3.084951661
3.024374258
2.994106965
2.768777932
2.562684355
2.373803703
2.570716165
2.384344345
2.379812284
2.441687532
2.55931519
2.386288677
2.549664268
2.536004242
2.367473339
2.398011081
2.557418923
2.391049839
2.248610955
2.455984252
2.373335345
2.233182187
2.238908877
2.109319026
1.995384874
2.111745139
2.099771503
1.886926719
1.679247055
1.752178823
1.819328032
1.767026781
1.730669307
1.666415441
1.763208865
1.634563369
1.687672671
1.626093994
1.672387742
1.676222539
1.86302009
1.600721869
1.614108555
1.56675748
1.53302023
1.551213174
1.580691232
1.566025939
1.457628916
1.336243173
1.343201089
1.394268445
1.294179888
1.26609599
1.234160483
1.216717955
1.230611775
1.242612125
1.245634579
1.227991668
1.237873376
1.225903297
1.192569776
1.167651381
1.194516326
1.147288435
1.154276774
1.137286766
1.161614569
1.156993295
1.92844009
1.259064529
1.147304883
1.590735952
1.844019542
2.085932987
2.2004115
2.227136048
2.280557384
2.153793061
2.168046781
2.350166074
2.411909455
2.521387745
2.750952439
2.582576623
2.761093297
2.809204397
3.065700616
2.759300245
2.542439277
2.685673377
2.688657084
2.862137258
2.7816596
2.710627723
2.935234823
3.042606603
2.993960945
2.918857923
2.769913806
2.727864423
2.619030439
2.776685316
2.667334368
2.621688729
2.576778632
2.796577035
2.867929439
2.596753061
2.458178897
2.36452681
2.207413935
2.388032752
2.2134343
2.155242194
2.046755574
1.928429748
2.087230481
2.057670974
2.043331997
2.018682387
1.910940374
1.816736487
1.772573719
1.759883058
1.685323135
1.702141028
1.703707094
1.76470976
1.724333882
1.73585271
1.750646974
1.708193819
1.639678517
1.775037568
1.746246613
1.660482528
1.670732621
1.631849741
1.616201985
1.569835521
1.532896334
1.422186351
1.385676608
1.364555088
1.318381768
1.346775641
1.32463493
1.266782328
1.256126572
1.244580992
1.263835246
1.241518872
1.225426069
1.219202263
1.205733118
1.18726903
1.183142557
1.166119724
1.157634683
1.118510513
1.13381101
1.187870119
1.11318492
1.11888161
1.063210306
1.082718761
1.098867901
1.140606098
1.405016048
1.657416623
1.663063868
1.727358881
1.841410777
1.761062829
2.126604339
1.797647065
1.528982952
1.666107435
1.61679189
1.654244445
1.521205629
1.489589929
1.495832626
1.725706961
1.932220648
2.06795621
2.247455313
2.216778984
2.03412349
2.181830152
2.043836445
1.78101059
1.677193519
1.800968155
1.733839813
1.823645506
1.93316859
1.915814348
1.895373026
1.87108691
1.798496703
1.726869129
1.7100665
1.676666394
1.677546874
1.746333494
1.822970729
1.699902977
1.649921358
1.524923092
1.497228174
1.506284939
1.5049225
1.643527323
1.535207216
1.576891087
1.48311711
1.429122932
1.441712694
1.441301491
1.527021574
1.395431523
1.408321489
1.532316952
1.467412469
1.420299839
1.370188478
1.382364176
1.394136637
1.443861795
1.457579928
1.433675957
1.418186714
1.362274687
1.290701305
1.273543821
1.292940891
1.397653745
1.228360532
1.220983049
1.205186678
1.199495359
1.152923979
1.133725359
1.106495274
1.070848843
1.069445616
1.052113804
1.057939211
1.064388082
1.041292986
1.020952695
1.006422373
1.02141678
1.021476595
1.046562232
0.990725238
0.976079089
0.992346819
1.002097907
1.013054361
0.96214928
0.961199839
0.948888682
1.004205558
1.099530613
1.155396377
1.052044384
0.993823265
1.078979358
1.164466306
1.2925283
1.265175777
1.317589852
1.2872061
1.393316313
1.263684919
1.566457468
1.533260887
1.413110258
1.366054119
1.488791748
1.906901523
1.861443429
1.680183219
1.710122013
1.626423394
1.73021199
1.793403606
1.697292571
1.673920681
1.652143032
1.625286435
1.673950248
1.629155694
1.78080181
1.807302874
1.832882668
2.071283106
1.743298274
1.526758381
1.596669806
1.61494859
1.508618894
1.502685045
1.546822781
1.745443952
1.756941613
1.439984642
1.469469048
1.665553281
1.659634481
1.575174223
1.676695603
1.740714903
1.692332984
1.697424081
1.740574329
1.693136358
1.564657342
1.543726248
1.393903116
1.700475442
1.604875029
1.603423177
1.699226745
1.339900777
1.406001906
1.545735332
1.346926429
1.281303626
1.273293404
1.235900959
1.208036807
1.181427269
1.164565609
1.135031799
1.141026755
1.069840101
1.209794142
1.060654455
1.076149016
1.07206461
1.056745011
1.047971621
1.046525611
1.035842162
1.034836161
1.035577265
1.028588317
1.00845819
1.000964601
0.99243659
1.215498532
1.753215658
1.966551465
1.884105906
1.72225399
1.689938429
1.968517013
2.204309058
2.344653413
2.369794958
2.548041368
2.695948826
2.6600555
3.045929884
3.089153587
3.080350668
2.902653148
2.875081877
2.74866419
2.776707094
2.722906277
2.601699239
2.607734306
2.618326458
2.739518994
2.800968706
2.922015758
2.702299694
2.763681387
2.743485106
2.868475794
3.084733629
3.180343648
3.222754181
3.024973939
2.716948484
2.8472289
3.068647861
2.9637145
2.942817152
2.984755342
2.848276981
2.787079761
2.673543384
2.374375455
2.177067184
2.305308939
2.172534952
2.062492345
1.993998858
1.881814758
1.892751739
1.960494994
1.918085003
1.791434965
1.708957294
1.683617132
1.667252932
1.693502052
1.579990516
1.794499561
1.856870561
1.945781448
1.952679032
1.866584065
1.676189519
1.528512242
1.356101374
1.416419026
1.418905894
1.312338885
1.246006104
1.227813531
1.201151944
1.343461306
1.261049313
1.188890803
1.324069497
1.231946174
1.208231823
1.289051216
1.115380029
1.071293268
1.070963684
1.061065517
1.064616685
1.066427625
1.024767484
1.011567018
0.991526065
0.988230292
0.987335945
1.00011757
0.984129686
0.974059496
0.966292108
0.963211676
1.152886645
1.219934458
1.484345303
1.3686609
1.97027761
1.900080839
1.644277729
1.934090058
2.156263784
2.470376735
2.282371484
2.278047652
2.492401613
2.612221377
2.835925139
2.851322342
2.741146794
2.457879252
2.519940239
2.738926574
2.643706719
2.536934061
2.448078129
2.569698571
2.7235796
2.944342474
2.882689423
2.995640265
2.977846519
2.844126197
2.89671241
2.825419148
2.806948445
2.879517258
3.002232197
3.040977726
3.059689132
2.856684274
2.860464103
2.830286061
2.645541848
2.460827574
2.534862213
2.467722974
2.412058374
2.334111865
2.418986984
2.357808077
2.284440245
2.061949265
1.909139339
1.952367397
1.851141142
1.679013273
1.743917
1.694674348
1.624147686
1.608623979
1.791081248
1.889397448
1.776123368
1.624353235
1.636534286
1.689385368
1.639324424
1.59185599
1.636425855
1.799987926
1.569098106
1.555844315
1.542333968
1.479708491
1.454643262
1.47308699
1.444904041
1.430935187
1.438889627
1.408874208
1.412373104
1.368165218
1.382556521
1.348987837
1.362003079
1.326054524
1.326130811
1.310728821
1.269990426
1.274728016
1.236258132
1.225013918
1.221648757
1.224121199
1.207887806
1.207661382
1.193438795
1.183106663
1.179565393
0.97538739
1.551376781
1.789268252
1.816014732
1.845780668
2.038922197
2.407608303
2.497534803
2.576892358
2.711368713
2.627299155
2.516075345
2.451514584
2.580471568
2.870398719
3.010119277
2.827721726
2.67831669
2.725081881
2.757517171
2.444837574
2.620641013
2.663953958
2.721481816
2.940028994
2.819057935
2.907181403
2.9939087
2.964447877
2.943297658
2.967481819
2.927025232
3.024991352
2.983191929
3.084040529
3.015087574
2.841271461
2.853629281
2.686850245
2.570818294
2.458146968
2.364916074
2.564034806
2.263115181
2.144633529
2.075612739
2.046032729
1.988675748
2.033999961
2.166262258
2.057207871
1.92345709
2.088171
1.762402035
1.835856032
1.734600016
1.9075821
1.768330626
1.724771706
2.047529752
2.139144816
2.047609016
1.995477377
1.825251539
1.81463381
1.902989448
2.065901416
2.172718148
2.017382719
1.9367556
1.895609377
1.698393626
1.665782019
1.572070258
1.372612868
1.251611389
1.250809594
1.523529252
1.23443359
1.220718971
1.148358163
1.138571124
1.127261364
1.113525682
1.250824103
1.153023958
1.065829828
1.059575929
1.040573695
1.05455116
1.043293121
1.035346366
1.03891875
1.034224774
1.227350816
1.1890468
1.360698184
1.682378771
1.754154352
2.082919894
2.177695519
2.415763471
2.434929084
2.26848979
2.46042761
2.377531835
2.486368719
2.709819626
2.656143442
2.752889877
2.975753803
2.942079974
3.055209845
2.954188013
2.901106435
2.936092623
3.028585258
2.95379821
3.076857255
3.131343545
3.095713781
3.030513626
3.082418539
2.991349094
3.188719213
3.270295545
3.18009659
3.055461261
3.192163648
2.943289674
2.894784594
2.681917855
2.632033465
2.887889539
3.122414023
2.75107361
2.837017832
2.795819732
2.623321797
2.331607394
2.360886655
2.152436442
2.089135445
2.124354361
2.061279387
2.04578749
1.896009161
1.975894929
1.7372184
2.008396965
1.874562552
2.091049306
2.413133484
2.120349423
1.916371216
1.881550648
1.878585261
1.640187368
1.590701487
1.4906978
1.408465929
1.371299413
1.817241123
1.498305894
1.518788226
1.351419301
1.513318742
1.383157503
1.246220213
1.266504645
1.278032061
1.20164166
1.145145297
1.150769445
1.152508371
1.147513008
1.074861048
1.059664362
1.033969625
1.044808284
1.043767291
1.017594108
0.986247824
0.975488532
0.978739766
0.986617298
0.952231221
0.951202037
0.953098108
0.944906045
0.944862641
1.023237297
1.210247803
1.498311703
1.541373968
1.855186165
1.786418229
1.706014403
1.936373416
2.125385755
2.305637619
2.387151552
2.441981758
2.402783481
2.64479071
2.789828377
2.715554494
2.64468369
2.607274655
2.616157394
2.936976719
2.781958723
2.737724487
2.663513187
2.696058026
2.962805919
2.938595635
2.724397494
2.85852159
2.771542335
2.827289465
2.734258826
2.719146768
2.758589374
2.796224958
3.00514081
2.93148419
2.797752639
2.986659216
2.785214142
2.622791226
2.50883221
2.393507855
2.500578
2.515441735
2.49015799
2.200650216
1.973518887
2.078677877
1.927543842
1.934550971
1.797900645
1.889131716
1.959212558
1.905167597
2.028839932
2.081975213
2.120540974
2.011801487
2.028158445
1.997157058
1.958117503
1.8540111
1.818295006
1.810570277
1.827228152
1.650250223
1.671343832
1.79358699
1.853613329
1.638104087
1.448488255
1.4176104
1.571210274
1.463685758
1.545413194
1.468564632
1.337869565
1.228698919
1.171423211
1.121606806
1.123402001
1.096361204
1.102509027
1.066974239
1.091484208
1.094521059
1.077041003
1.046781873
1.059138423
1.01718711
1.014171908
1.01814619
1.00087702
0.967449529
0.992684303
0.981511155
1.027111997
1.042079858
1.024920613
1.146102619
1.347002613
1.308595752
1.250934029
1.292556406
1.649252568
1.643591706
1.878076832
1.670231
1.638940484
1.543517829
1.533773132
1.629653968
1.857635671
1.562085577
1.6027718
1.817428497
1.636778468
1.672908345
1.688749232
1.695761994
1.786842135
1.770566455
1.573605916
2.011070306
1.96730551
1.633349642
1.872312758
1.939426048
2.164796252
2.179037274
2.338762735
2.188398871
2.075992026
1.783983955
1.750805155
1.784188197
1.782280148
1.647043226
1.520313003
1.550711806
1.8494669
1.676619784
1.537648732
1.602822416
1.444987229
1.482747797
1.638274055
1.519965642
1.551969939
1.644524784
1.542249177
1.557548977
1.48860419
1.431970594
1.363613323
1.178128497
1.385252029
1.297024445
1.250979745
1.277484616
1.46503421
1.415596958
1.360620923
1.551615316
1.403928603
1.394629397
1.314490594
1.234589961
1.440349416
1.391490071
1.208333406
1.139035077
1.002398174
1.116548194
1.058967732
0.979473021
0.962934199
0.958365655
0.927263027
0.921161958
0.928732726
0.92643542
0.926770149
0.917761226
0.89199856
0.876979095
0.878574739
0.897828874
0.994945165
0.900053271
0.896942235
0.883352219
0.917459029
0.92101629
0.857043458
0.853068965
0.917372497
0.985456958
0.986450981
0.992033116
1.015761258
1.013579497
1.082005503
1.175523181
1.127406632
1.290239142
1.377821519
1.335783932
1.390014094
1.397703987
1.488700871
1.5857087
1.519361971
1.226781974
1.372669645
1.378169426
1.631629506
1.735038635
1.502905432
1.428003939
1.520603777
1.416285335
1.543614881
1.55545501
1.615688852
1.463547716
1.485585845
1.333243903
1.3902071
1.554579606
1.569325445
1.74232529
1.938426755
1.817788919
1.880293974
1.84844621
1.691787165
1.758017265
1.522712442
1.482467361
1.394025184
1.467888945
1.4266972
1.433753123
1.265302932
1.309713839
1.371894019
1.409470658
1.429034235
1.304709074
1.4258987
1.326949268
1.402954352
1.474285526
1.566634139
1.49313171
1.455382213
1.300921997
1.235140655
1.4653921
1.261616513
1.312423471
1.384978484
1.151383284
1.13610761
1.242592932
1.094031013
1.085212313
0.986767881
0.982772169
0.961359665
0.955554208
0.944251536
0.923612001
0.920237821
0.909727693
0.9172283
0.871081571
0.875845824
0.846253944
0.846306226
0.846566366
0.828649058
0.835188308
0.830491616
0.810022029
0.795192882
0.878202535
1.197417281
1.191136606
1.336931226
1.491033735
1.722029613
1.849632871
1.763844094
1.95289651
2.110414448
1.993714252
2.166497881
2.293962381
2.266883932
2.373724248
2.321609119
2.463078271
2.504777568
2.445157735
2.574492552
2.933683377
2.645373703
2.49155071
2.59778591
2.554565829
2.749322455
2.648440845
2.714541968
2.994393748
3.003674626
2.804561152
2.963084906
2.923715577
2.964530584
2.785030403
2.692489697
2.675940652
2.166250281
2.44925609
2.651140487
2.498978497
2.2599138
2.309645281
2.162205981
2.235437058
1.987255997
2.217854987
2.105597058
1.982557787
1.904047697
1.893689168
2.040784181
1.8675692
1.633617194
1.721506842
1.69472099
1.732880613
1.733983835
1.640354419
1.511805932
1.349878029
1.4475229
1.493231477
1.54965919
1.524446906
1.490028645
1.468011758
1.356944119
1.456361726
1.586731381
1.443847542
1.555532635
1.465973648
1.237465184
1.490924358
1.340454745
1.422739784
1.266872152
0.969563652
0.897698442
0.898100649
0.889280271
0.878169651
0.855239665
0.837132657
0.835936713
0.835544265
0.831882836
0.821914555
0.825237378
0.819551389
0.804148895
0.794412416
0.824969975
0.822279379
0.803793526
0.880390648
1.043473119
1.058667352
1.057089252
1.220455045
1.579065961
1.9832019
2.13589901
1.937611229
2.068277819
2.130394865
2.556889084
2.451211306
2.309264535
2.445570042
2.786630997
2.729211977
2.746655103
2.919176261
2.763819248
2.623866871
3.047809452
2.617641887
2.819487481
2.610240768
2.687930071
2.773022303
2.817228606
2.7973592
2.907857087
3.073161784
3.030381568
2.859265287
2.875742506
3.000177219
2.964495216
2.91443071
3.068362171
3.031018977
2.613536832
2.516101642
2.539003365
2.140543342
2.181286519
2.350722394
2.083876555
2.341581555
1.978755465
1.950285939
1.885592229
2.015422606
2.017958274
2.186095381
2.050011
1.97627421
2.012099887
1.831382381
1.587269752
1.869093678
1.743151934
1.61280781
1.61158678
1.873855166
1.821269723
1.697257381
1.661065852
1.860990682
1.837201845
1.476615142
1.44653359
2.121148744
1.709654651
1.27250761
1.234234977
1.279217629
1.76135369
1.067644039
1.036952471
1.018445674
1.501147504
1.08298339
1.043458794
1.000521112
0.979748601
0.964050999
0.958916897
1.372940518
1.823883528
0.9162379
1.596862295
1.445880801
1.610185486
1.591242144
1.716908813
1.669129913
1.668101548
1.562776212
1.637594152
1.489932225
1.597183785
1.797616229
1.551271581
2.060838061
2.091411726
1.760037777
2.010611203
2.331593794
2.383221168
2.262972784
2.439707287
2.47987601
2.649350884
3.091849061
3.045172387
3.075769274
2.987093474
2.97005359
2.885661884
2.738240729
2.692910523
2.8214699
2.749213987
2.747200365
2.643882848
2.679276803
2.598472652
2.948682255
2.922572623
2.737706716
2.642791235
2.564058752
2.594231361
2.640891884
2.384431052
2.48130991
2.561457239
2.425946777
2.147138539
1.955281265
2.146471745
2.349405316
2.207821332
2.036497358
2.004843687
2.061701303
1.976621568
1.939534342
2.005621494
1.891843694
1.982103774
1.964421935
1.941338994
1.839991384
1.821641852
1.85294199
1.729030048
1.643905513
1.62338491
1.5972771
1.621060752
1.685875813
1.69768449
1.567403261
1.519517239
1.41131921
1.364603539
1.568789974
1.552772774
1.830945948
1.534134287
1.399189219
1.432497719
1.46567471
1.348821239
1.251264519
1.170844374
1.193590832
1.123165526
1.015123129
0.987222416
0.968918436
0.961273327
0.939502231
0.94283978
0.964145034
0.941239133
0.992637152
0.933958187
0.968099639
0.900654157
0.973417661
1.070384674
1.194137177
1.389452139
1.437448065
1.347631313
1.578228665
2.075742248
2.096393984
2.064736339
2.136899919
2.583865026
2.680004
2.662997123
2.496290645
2.539504184
2.777558355
2.636103158
2.7989587
2.792674587
2.986363013
3.140826313
3.075250139
2.918308487
2.953358339
2.994591819
2.684220074
2.763994639
2.841970184
2.983167081
3.010610839
2.893152613
2.716396697
2.644700732
2.899222497
2.744615355
2.752581877
2.674738761
2.867840377
2.755738265
2.663834613
2.623282058
2.46797711
2.492240358
2.750805513
2.329202329
2.172723768
1.985609506
2.071600368
2.054300906
2.053375994
1.8648106
1.694728252
1.70387979
1.686419619
1.698221835
1.687765006
1.577642781
1.716327765
1.659797026
1.725880729
1.54808399
1.396053503
1.4133312
1.418196477
1.40012829
1.571938197
1.537432335
1.423136123
1.252941842
1.222046581
1.249151316
1.394213474
1.205687081
1.19344591
1.187512958
1.220352023
1.213388774
1.207474874
1.083628226
1.160714948
1.142694645
1.026612713
1.04135629
1.033429324
1.033206661
1.017958322
1.015389701
1.007110362
0.981684117
0.955422147
0.946968279
0.905103175
0.968997722
0.956354965
0.957131765
0.94283582
0.936736321
0.944698691
0.965778938
1.068271287
1.268353939
1.364280297
1.40004829
1.413463797
1.786188035
1.978048581
1.847898594
2.120040335
2.27170459
2.287349042
2.61258851
2.964848377
2.831854542
2.451463797
2.503277474
2.47099601
2.375541619
2.598060352
2.589479087
2.407997394
2.638518019
2.709158461
2.749279103
2.80479279
2.815120123
2.737031574
2.810019758
2.729268029
2.889090352
2.70632439
2.7918859
2.581721716
2.736855803
3.059078381
3.148265894
2.706365945
2.633983968
2.653641513
2.412839813
2.180017694
2.055340635
1.950523381
2.036222916
1.946706729
1.683963403
1.72006859
1.769989806
1.95184591
1.696982032
1.507822587
1.526751116
1.632200348
1.535420897
1.456572865
1.560928484
1.733601284
1.757950877
1.586813555
1.628120316
1.642526948
1.54780719
1.443050877
1.456803594
1.322119552
1.262548684
1.348368487
1.281679648
1.303120448
1.4253841
1.339276619
1.29195039
1.285568861
1.33560961
1.293887635
1.138289016
1.321735906
1.305363361
1.293114739
1.197190723
1.121015855
1.0220686
1.022600071
1.027975423
1.033929219
0.960664413
1.014948445
0.935549407
1.073934687
1.011845752
1.025875448
1.184563713
1.045461352
0.957340784
0.92938459
0.902055078
0.890433925
0.974396997
1.149703048
1.023834623
1.109278574
1.104333674
1.084961632
1.226778523
1.233618248
1.299736965
1.374529452
1.520363432
1.741958884
1.792015232
1.646850035
1.686814152
1.803328239
1.734123871
1.910907539
1.813683497
1.542243558
1.601677471
1.780114881
1.75232811
1.806602165
1.5601008
1.674893665
1.701284081
1.608836977
1.561572416
1.667600284
1.589178894
1.863213997
2.068239726
1.691241726
1.487583145
1.469219642
1.620834735
1.577757965
1.459944026
1.421987552
1.530741545
1.409673626
1.422890881
1.524060903
1.334939739
1.42345519
1.452961729
1.376746594
1.402844248
1.319540706
1.485265139
1.648187803
1.365039968
1.292106377
1.427098606
1.356414455
1.358144565
1.265403061
1.299286384
1.324234755
1.09447229
1.188181745
1.225955923
1.159894694
1.087147957
1.10357543
1.092360362
1.043647977
1.097507197
1.08627691
1.016538671
1.148004868
1.144792248
1.094753681
1.109757268
1.006565087
0.942178297
0.888253932
0.954160629
0.920886777
0.89401752
0.884611048
0.901033495
0.901930899
0.877728751
0.874935756
0.934737452
1.003835694
0.824280416
0.833700746
0.849640671
0.823074665
0.834870989
0.832370349
0.814699252
0.820783405
0.816711347
0.838893794
0.762833838
0.820346177
0.805275471
0.830469442
0.933414381
0.834815206
0.909858371
0.899182777
0.945976448
0.948766419
1.043111781
1.070138535
1.151023032
1.116138065
1.235790403
1.139095119
1.13598789
1.172060061
1.293842839
1.271396587
1.27565801
1.418388752
1.406379023
1.382107068
1.493575219
1.458715635
1.501313539
1.578513455
1.431550674
1.428911068
1.456060616
1.423587961
1.515564729
1.421811965
1.377028294
1.844989081
1.594421284
1.42734639
1.55385151
1.518332929
1.361860361
1.453301842
1.453118271
1.57475031
1.570618761
1.411550665
1.307145884
1.384072071
1.362716352
1.31114919
1.474377126
1.485026423
1.312730571
1.431150161
1.3120449
1.413891339
1.336375442
1.362611687
1.37997209
1.497544055
1.322809745
1.445005906
1.375239965
1.367424174
1.153163816
1.17081009
1.145163558
1.209604045
1.017103913
1.052625032
0.970572552
0.987697372
1.065752677
1.051057448
0.936046035
0.931574536
0.913855127
0.874420443
0.875928624
0.862495829
0.865371145
0.846487525
0.860828396
0.834052238
0.836619782
0.82187394
0.826913281
0.805410361
0.797692702
0.790631917
0.78014406
0.7916988
0.015551174
3.712019716
2.4244795
2.489643206
2.524792826
2.327228616
2.098298058
2.138067171
2.15725981
2.018086326
1.995701213
1.942092319
1.839153719
2.005775852
1.75788901
1.77996741
1.705533539
1.631316429
1.629883439
1.606194832
1.504792629
1.530383655
1.566562861
1.655263332
1.792120803
1.760945461
1.652764119
1.522529784
1.500542274
1.499287765
1.565104652
1.378483052
1.394405206
1.231389306
1.283709419
1.3873694
1.381131181
1.401796168
1.352461032
1.124283977
1.0264131
1.151217852
1.043007313
0.971312074
0.908809577
0.987752832
1.01991131
0.988977584
0.874250742
0.868172236
0.848840441
0.849842693
0.864612761
0.853674327
0.855408885
0.822532665
0.836228248
0.809727799
0.908526242
0.917448694
1.149260826
1.207286777
1.437787268
1.656904555
1.637514745
1.696370019
1.787504755
1.867073455
2.084915384
2.231856574
2.429185155
2.309701152
2.200870248
2.299516213
2.473162174
2.7474748
2.670343106
2.618077774
2.574613358
2.682614213
2.74628271
2.678132945
2.654098071
2.749030429
2.793720497
2.78033999
2.830771816
3.028087519
2.964085994
2.978411726
3.273296835
3.221058358
2.914443935
2.801569826
2.718164529
2.535824671
2.503328445
2.570284816
2.55569879
2.507976039
2.517593223
2.421401481
2.374334097
2.273991032
2.215703329
2.281109365
2.193333623
2.245279161
2.075641216
2.157596658
2.038959194
2.035582603
1.988681003
1.955538474
2.0029926
1.891761342
1.803589626
1.946403626
1.770748565
1.873372439
1.883055648
2.095238174
1.998767997
1.888021423
1.762289568
1.674892939
1.614992661
1.597173342
1.235472784
1.334114226
1.180145748
1.289792558
1.315153035
1.232063361
1.248213348
1.195149532
1.187266632
1.312538103
1.164750542
1.029796948
1.147651155
1.04024091
1.0400499
1.025083132
0.95660669
0.898543341
1.057304919
0.958130923
0.900608598
0.898321181
0.883886028
0.890827122
0.878798973
0.882943616
0.895092216
0.962547971
1.04424221
1.2669739
1.398004739
1.520699006
1.623863423
2.062347052
2.005556194
2.191270116
2.378402329
2.404173852
2.452631416
2.2759457
2.50586229
2.678371297
2.536932974
2.570481632
2.7351734
2.712356568
2.838042161
3.051153403
3.103730177
3.160238071
3.012258597
2.960093577
3.044017835
3.114429539
3.205985839
3.302025584
3.353209448
3.464416216
3.318341535
3.150326129
2.793020503
2.664193213
2.590219897
2.706846626
2.638666942
2.43631219
2.508166323
2.522559539
2.505449813
2.18040369
2.224741868
2.364631287
2.585255945
2.450691981
2.122736355
1.952774081
1.84194769
1.903212745
1.845527084
1.651195813
1.780571632
1.676048216
1.606530223
1.855785481
1.759972848
1.892498874
1.712695232
1.729997581
1.636698661
1.602726461
1.688578723
1.81209669
1.746234274
1.697861413
1.789521281
1.853914974
1.685900481
1.772808265
1.602229623
1.604091961
1.437864184
1.618623577
1.233693158
1.304086726
1.197264545
1.195159861
1.340521139
1.1896044
1.043177084
1.038496468
0.9420321
0.963969358
0.998937048
0.863239301
0.826929095
0.830038639
0.815047593
0.794890159
0.780735391
0.889786352
0.781189845
0.911776761
0.900440726
1.206957903
1.23850819
1.437352652
1.456263777
1.827368374
1.902931952
2.205078519
2.266882484
2.444142848
2.404353971
2.582780132
2.805989977
3.249787087
3.053918713
2.903504968
2.956394284
3.126687413
2.909644513
2.716317235
2.665314035
2.596231742
2.532428661
2.461219742
2.549793968
2.551006561
2.524898206
2.483897632
2.666665219
2.651938432
3.22179861
2.596665635
2.941582968
2.861720052
2.641476145
2.762616258
2.510461277
2.680177235
2.483603597
2.330544448
2.225478681
2.355006858
2.250911361
1.996723352
1.8421153
1.813234365
1.695101913
1.85911491
1.812991855
1.718702726
1.741263971
1.943319787
1.633988497
2.06541619
1.766050906
1.729320087
1.578307026
1.612169135
1.598892758
1.381599177
1.479148442
1.482770835
1.434434071
1.490732997
1.487174648
1.429046213
1.316822742
1.29193369
1.196072265
1.309619158
1.273498726
1.255248058
1.206411197
1.265966455
1.320438416
1.154417229
1.064129403
1.010799309
1.004602846
0.981051234
0.967348166
1.024968313
0.942161537
1.00004099
0.959234253
0.953122358
0.959799318
0.94245886
0.953209528
0.918661553
0.920036173
0.92164857
0.91372201
0.902365837
0.896147971
0.899361435
0.881602793
0.905841113
0.960299274
0.943151635
0.883590873
0.860991795
0.994570016
1.144698471
1.183225784
1.176982842
1.379691294
1.268872526
1.156851135
1.305197748
1.139009319
1.306004026
1.303456939
1.383198506
1.374390684
1.431057652
1.427168265
1.682559613
1.737917487
1.799528458
1.941465242
1.741774413
1.826269506
1.889706358
1.863315929
1.385163139
1.57979771
1.489188813
1.591297358
1.461157348
1.393181894
1.334192758
1.551345594
1.401900652
1.510783248
1.480421271
1.456936368
1.449531432
1.431432768
1.466302142
1.431172294
1.623964642
1.35434859
1.245717042
1.117362235
1.161646026
1.149479213
1.181377942
1.117698758
1.237440339
1.166164484
1.103698258
1.214151703
1.140043426
1.1558874
1.129290194
1.072347513
1.120759184
1.109923961
1.118543494
1.100688252
1.000314174
1.000604216
1.030448874
0.960923084
0.972743071
1.018707419
0.996640849
0.950819771
0.911740515
0.905476211
1.087278913
1.088528332
0.998597119
0.98157011
0.937794065
0.883090859
0.901224697
0.86642998
0.862947695
0.879983566
0.876581012
0.878199032
0.952692813
0.838696074
0.8967418
1.001612923
0.939980377
0.939354577
1.121467339
1.03618591
0.977644629
0.960039335
0.916925555
1.012044187
0.924351352
0.763981273
0.774248047
0.767479501
0.766621131
0.807716242
0.738509211
0.786119944
0.82758057
0.830551092
0.865045707
0.977935403
0.889936583
0.954008268
1.109191694
1.004145513
1.02496051
0.942948845
0.983341039
0.973957481
0.995782648
0.9819202
1.171443332
1.145070326
1.007225532
1.016339532
1.072402474
1.069244819
1.1407358
1.228268474
1.351249342
1.489500081
1.22365751
1.264915477
1.186585868
1.27979681
1.319170313
1.380224955
1.440530081
1.346037426
1.48954579
1.380637252
1.595274542
1.445674884
1.2321156
1.301530558
1.321599313
1.19866851
1.24394049
1.188184284
1.251457342
1.215536081
1.28459171
1.253883626
1.278333703
1.331734913
1.395656258
1.276758329
1.344009839
1.269694226
1.317117503
1.487772697
1.470565206
1.432556119
1.300826397
1.2844553
1.239746
1.228211884
1.357111732
1.299363119
1.178530281
1.063322758
1.162220855
1.194963784
1.0301717
0.907697829
0.895662168
0.851340811
0.888883406
0.817481094
0.863038215
0.842076604
0.841831998
0.828667883
0.830338948
0.872670467
0.794541713
0.785507632
0.799824875
0.78267695
0.786775554
0.763665698
0.75743088
0.75995058
0.769799706
0.817977929
1.2623038
1.396422277
1.536642929
1.63296999
1.674472471
1.747090439
1.861588548
1.754240706
1.980742968
2.16141349
2.192866903
2.292560048
2.268360639
2.383272135
2.578241726
2.503294881
2.517056123
2.754605116
2.702430477
2.993818371
2.82287259
2.757359352
2.5903846
2.823325529
2.747726035
2.728316455
2.771916726
2.822575303
2.815612232
2.880955681
2.785323168
3.005352855
2.769894581
2.965028684
3.242104268
2.857507068
2.502771381
2.486100629
2.490372026
2.445238632
2.353702658
2.171659732
2.287968665
2.028148471
2.020049168
2.1418363
2.3192104
2.050448697
1.871735932
1.668897787
1.617779023
1.661609661
1.675986542
1.577870058
1.531719971
1.637815671
1.58289459
1.601028629
1.556985029
1.544829648
1.589654858
1.791468516
1.826264432
1.724569639
1.658369648
1.56161849
1.630783316
1.502031129
1.500988848
1.524466858
1.359040635
1.279975123
1.375822948
1.562457794
1.588680971
1.34453859
1.388792242
1.333524158
1.246095232
1.223291284
1.051236113
1.054479758
1.006809416
0.96026789
0.821474071
0.917016258
0.781987028
0.781327001
0.785344082
0.803580667
0.832693294
0.843227948
0.781850257
0.845381797
0.900488071
1.0273576
1.345095465
1.344470568
1.541964942
1.613133045
1.876145374
2.140011687
2.245407039
2.365436848
2.478232419
3.061756803
2.920201303
2.872521181
2.980553235
2.917193284
2.91007151
2.863308316
2.763195442
2.614046352
2.764830681
2.782331839
3.007624052
3.044582871
3.01347791
3.035314326
2.953164074
2.977667481
2.920301971
2.835164571
2.921522548
2.811769284
2.850838213
2.906780897
2.771758913
2.449332632
2.499841377
2.489873203
2.565636855
2.703330181
2.673172806
2.483588
2.270166203
2.158441216
2.030944426
2.014220706
2.042259065
1.944608932
1.903997629
1.787710997
1.649147723
1.711926129
1.7715924
1.762402758
1.663274832
1.886958277
1.761120319
1.715851252
1.502868245
1.508791219
1.458877258
1.558624819
1.556409306
1.521923571
1.584479223
1.701694939
1.498200874
1.357457813
1.368319355
1.281930155
1.563205848
1.3641205
1.146163748
1.066079542
1.318767616
1.141300465
1.206780145
1.031394465
1.023713452
1.030716239
0.881254258
0.829791338
0.954924471
0.831646337
0.810102802
0.810530945
0.777085618
0.828251187
0.768625799
0.771111514
0.739262124
0.73627349
0.831745339
0.843278555
0.746905136
0.787305045
0.813429006
0.838316784
1.073988371
1.271979035
1.450546861
1.63673821
1.662327242
1.755516423
1.997551761
2.084991752
2.043910448
2.082519384
2.308359032
2.307749194
2.272465887
2.462470265
2.601089581
2.647371
2.661249606
2.48978741
2.558015884
2.338599113
2.355057284
2.373244106
2.531157116
2.555356874
2.799547865
3.086829597
3.194590661
2.932250945
2.871102874
2.955325894
2.75761149
2.800470045
2.368463184
2.421969594
2.277880048
2.171093426
2.099955619
2.2617054
2.347533906
2.129830742
2.073759461
2.114175774
1.891937655
1.794022145
1.779236768
1.694428406
1.700095429
1.774468542
1.552691694
1.555922452
1.503034045
1.510391806
1.599288
1.49130039
1.407811287
1.428551555
1.495833355
1.524962606
1.69831109
1.583036619
1.583804268
1.353297248
1.309530274
1.444531568
1.307636365
1.104214604
1.11124159
1.099407816
1.191594803
1.144042203
1.099177265
1.002354997
1.011294687
1.005697861
1.062109613
0.981938158
1.04195161
0.984490326
1.157179087
1.092664406
1.124465913
1.181794597
1.136559626
1.110363119
0.952525397
0.985010552
0.992795871
0.925513523
1.071960971
0.993942977
0.988116155
0.953754497
0.94662909
1.062714184
1.104661629
1.198105845
1.431452358
1.696539074
1.65439519
1.743589052
1.868744065
1.925969542
1.88469761
2.239280006
2.352650226
2.54342569
2.502912332
2.498419632
2.418657206
2.407068852
2.388814181
2.530485055
2.495056639
2.430650245
2.742280129
2.782585065
2.524776858
2.706615352
2.618836358
2.832098152
2.833316548
2.8100642
2.746999203
2.596012435
2.613416565
2.596209065
2.776751342
2.606785803
2.394622871
2.371986529
2.375179555
2.391094087
2.396834035
2.293339665
2.175479468
2.276055074
2.360176145
2.282669874
2.270702226
2.028887997
1.805674532
1.560847765
1.6067927
1.644361716
1.568780355
1.497292648
1.612573274
1.618733142
1.642076558
1.494606797
1.521255329
1.602649545
1.6648201
1.616477365
1.673841955
1.703395113
1.700953413
1.477896852
1.585062035
1.394858142
1.46844129
1.426604677
1.354291271
1.113526761
1.295275294
1.395335197
1.291075352
1.358519494
1.382263239
1.388861532
1.326258713
1.228212603
1.140182916
1.028113268
1.272345439
0.89204431
0.864122952
0.864143439
0.840238623
0.782328029
0.870952506
0.907672065
0.984703097
0.914894158
0.902325929
0.841595613
0.866076348
0.933939506
0.985733035
1.138804529
1.185592381
1.273969619
1.396914939
1.386158442
1.539530668
1.460608458
1.877977061
1.909719068
1.762051758
1.829052226
1.786214513
1.865511135
2.025732148
1.961810619
2.207515506
2.353561352
2.488762177
2.297995242
2.437079471
2.572593029
2.556106926
2.623520235
2.724903758
2.623338845
2.626673355
2.683589381
2.595745255
2.386552061
2.437280823
2.391554642
2.583396865
2.590543129
2.459750471
2.420259981
2.555053587
2.347448471
2.476809226
2.536663242
2.419808135
2.289690074
2.073652629
1.878135055
2.018603116
1.950092026
1.916773916
2.157349416
1.951401671
1.681900806
1.502964206
1.56281949
1.423640752
1.46241421
1.277291252
1.303691835
1.34869971
1.697269526
1.698314174
1.640171939
1.291122152
1.358108106
1.396259929
1.278225968
1.283717216
1.205056574
1.179197435
1.164813842
1.324902639
1.247730842
1.313096971
1.174890855
1.161992313
1.178295013
1.220132532
1.04964151
1.177436316
1.095786335
1.0511632
1.280192255
1.15578329
1.117473465
0.889831512
0.907682819
0.939995971
0.888767324
0.851267219
0.821079814
0.799574424
0.766874992
0.768857343
0.758893387
0.785436934
0.722645538
0.81351679
0.777916603
0.966497413
0.755252319
0.842379219
0.792424268
0.810960632
0.907764945
1.098961226
1.166077603
1.27485499
1.251513216
1.181817094
1.269998061
1.4943064
1.290158603
1.327614619
1.354948997
1.350979981
1.568035571
1.643913684
1.573771342
1.402045581
1.511310558
1.590901016
1.424395161
1.343890123
1.220611048
1.406087342
1.592285394
1.634692655
1.563616523
1.349628974
1.237681226
1.40813471
1.31731721
1.446692123
1.495493242
1.4259455
1.489861594
1.523350771
1.419658129
1.4404363
1.599449081
1.598971648
1.536211574
1.587565965
1.601275152
1.668982852
1.503213065
1.536135394
1.360559423
1.429949355
1.393817319
1.181873681
1.096830426
1.166097194
1.412866116
1.228360084
1.277372516
1.392425326
1.448067794
1.368708061
1.318885519
1.467986723
1.51857999
1.3575973
1.224489913
1.200660923
1.293195087
1.267256516
1.251702577
1.105827239
0.993334419
1.0727005
1.003891748
1.061340516
1.023781113
1.055605113
0.96424961
0.867523484
0.932332381
1.057068571
0.936067587
0.940875355
0.877750316
0.802270677
0.826697771
1.132085797
0.92755199
0.806959311
0.748967173
0.772891093
0.779135107
0.773186307
0.802791789
0.785451015
0.790904393
0.769695786
0.751829578
0.737267625
0.732257793
0.738954105
0.740882651
0.747538804
0.762911565
1.00510779
0.857413832
0.914157345
0.902410087
0.905793574
0.899111852
1.082867652
1.149884987
1.093392155
1.09269271
1.143412771
1.108230677
1.227223842
1.105842484
1.171565048
1.190623458
1.228525868
1.214767171
1.148609265
1.253876371
1.222729506
1.259638629
1.123992845
1.258892023
1.373412077
1.185668387
1.181191287
1.271136474
1.24983299
1.105626439
1.173938548
1.214878358
1.260539781
1.455733023
1.250372806
1.221657848
1.191797235
1.1016977
1.207629606
1.160223013
1.137614239
1.214145171
1.120241139
1.025247172
1.209813916
1.162295229
1.13014709
1.202124561
1.191705997
1.302010523
1.25813581
1.277493148
1.3336212
1.30429551
1.324887394
1.322085087
1.338131497
1.374657513
1.364221171
1.302536552
1.247341935
1.273689919
1.152761671
1.016614894
1.1249642
1.131116806
1.063867661
1.202124381
1.080681523
1.027207768
1.079592639
1.098821194
1.062634374
0.9488183
0.834032506
0.837581239
0.836030666
0.793123897
0.835324368
0.804537851
0.758643039
0.724436364
0.811895022
0.783755126
0.715917997
0.689621383
0.65984219
0.732916171
0.832360252
0.776680741
0.897982332
0.932447019
1.005333994
1.251886335
1.300834013
1.516433768
1.668494726
1.707683197
1.917966565
2.113895345
2.076553068
2.221665103
2.192518448
2.341951774
2.330940065
2.433869394
2.509964816
2.70415369
2.728786803
2.765706074
2.706712035
2.913244042
3.01855849
2.843022432
2.993682329
3.062117406
2.960249748
2.909476542
2.823760142
2.654423852
2.684539868
2.741631106
2.759167652
2.575016232
2.673883674
2.546555771
2.535663229
2.634098423
2.34768609
2.518458458
2.357884635
2.452053319
2.700988242
2.69791021
2.748938452
2.549833516
1.953345277
1.953787881
1.910799252
1.844237032
1.863440003
1.9630332
1.799074435
1.994638077
1.77699169
1.671214506
1.695919081
1.597434548
1.746716771
1.523189865
1.492610942
1.504634455
1.625363894
1.548915845
1.470734794
1.526783765
1.363061723
1.48347681
1.494956142
1.398296406
1.452916384
1.361538581
1.230986623
1.259192952
1.215428155
1.263402684
1.143221042
1.274803106
1.2292683
1.162028397
1.142770642
1.134215148
0.960975316
0.850323248
0.8364666
0.911404739
0.914231355
0.881990884
0.870704903
0.871811039
0.939907277
0.831547087
0.801036361
0.862127461
0.827478661
1.048462465
1.192253071
1.11364539
1.185515658
1.384976848
1.571434477
1.675755816
2.27809101
2.083862948
2.060019806
2.117866906
2.322527316
2.40860959
2.429878071
2.627924958
2.721682616
2.746162442
2.8970478
3.463599413
2.893955994
2.617392113
2.705085858
2.904093223
2.633832142
2.548226577
2.701072403
3.165586203
3.020886287
3.029828326
2.679012332
2.663487961
2.719857813
2.566528755
2.830820074
2.707124703
2.66661171
2.708044168
2.897567487
2.619854855
2.6153121
2.583772713
2.388603223
2.237513265
2.379263035
2.335620132
2.087673255
2.134396713
2.006313861
2.056044803
1.724214655
1.625570319
1.642193368
1.707623532
1.741714732
1.560582571
1.645525345
1.72577389
1.604054423
1.696014852
1.619343342
1.63713419
1.6117688
1.538868781
1.645904077
1.539513258
1.532881232
1.313624268
1.418032677
1.491491758
1.600043681
1.401248194
1.384974316
1.231064435
1.273598135
1.170481961
1.300533823
1.183453419
1.225443665
1.023078039
0.994059797
1.045100748
1.015393952
0.963004177
0.988366294
0.934076819
0.935949319
1.00026791
0.91537811
0.9658698
0.867908909
0.831806658
0.865716103
0.873801255
0.799786368
0.833179787
0.879468461
0.784185665
0.781920442
1.048029123
1.262894052
1.431874461
1.572709471
1.583155068
2.104072826
2.099150961
2.101088581
2.286586826
2.365181635
2.346142632
2.463532661
2.463147206
2.612615548
2.580558639
2.618620126
2.548223845
2.730771032
2.628766616
2.741157497
2.729483523
2.584383271
2.543881713
2.484566048
2.663247997
2.599901826
2.788645884
3.030861897
3.080676087
3.124889103
2.967187052
2.838628777
2.92471341
2.706483477
3.12067919
2.943303645
2.726489484
2.765207252
2.817306787
2.757460029
2.631507061
2.612740161
2.427399358
2.370462297
2.239047468
2.088133261
2.060242003
1.882985997
1.91288579
2.174483994
1.815404358
1.925898068
1.792108284
1.754729003
1.798461142
1.838550232
1.893253642
1.853615681
1.736170142
1.734993832
1.729943703
1.856582513
2.070951161
7.010822516
2.239181152
1.585872313
1.57182229
1.425061774
1.399679519
1.330070645
1.3654305
1.2965394
1.141656184
1.357647916
1.182846671
1.220695748
1.2524949
1.293179313
1.267006919
1.178106374
1.135344855
1.034652296
1.020920386
0.982888322
0.95842574
0.931307087
0.918953089
0.928802147
0.937332736
0.923535152
0.902734972
0.894132162
0.847954458
0.883659955
1.167508781
1.385272516
1.43520589
1.408261858
1.541847939
1.736280071
1.790173926
1.996024445
2.101784942
2.267514997
2.151349003
2.258405526
2.27815051
2.420610071
2.346919897
2.32845191
2.436553626
2.702448981
2.552867274
2.596517974
2.641448758
2.6497728
2.787312126
2.815843868
2.844409
2.952556958
2.754484668
2.759000039
2.796171087
2.708012794
2.877238435
2.775988048
2.62249501
2.468307603
2.452602394
2.471972429
2.561603797
2.316112419
2.26211389
2.459461345
2.551625648
2.391971839
2.396364781
2.30293961
2.144846123
2.149711032
2.015232326
1.946502665
1.857515045
1.797772771
1.744633135
1.736271184
1.794003645
1.828822416
1.606064052
1.575790039
1.539815097
1.596456126
1.634385565
1.573968513
1.745097306
1.666848242
1.877264561
1.861767035
1.859724758
1.612613719
1.607899
1.540451958
1.438571781
1.432222732
1.338691455
1.299631577
1.548737552
2.153519884
1.592385348
1.068705355
1.168042242
1.130658065
0.971738493
0.965206692
0.948003204
0.929462806
0.935995873
0.953127911
0.947581587
0.905241937
0.882548591
0.88333775
0.837947671
0.921465197
0.905905091
0.834149976
0.846487842
0.873485669
0.838454292
0.820363099
0.800414735
0.972106568
1.205434587
1.24538201
1.431434032
1.404120703
1.602836374
1.926276271
1.842092984
1.853351387
1.998045868
2.154585384
2.061740839
2.226333755
2.365463881
2.383064277
2.319280781
2.37922911
2.548925094
2.719522058
2.605308742
2.614044539
2.495423229
2.400323819
2.75517141
2.731588026
2.721113577
2.665405094
2.891518094
2.9330438
2.69990461
2.794196461
3.096265577
2.853502306
2.712177706
2.609040503
2.608943816
2.485334613
2.320600032
2.497081135
2.476465674
2.57752941
2.555511777
2.490960097
2.239466477
2.067653294
2.080165829
1.903632671
1.899202
1.707577455
1.605541468
1.731749639
1.70192929
1.704063719
1.61588711
1.547720671
1.424289945
1.371075039
1.425155
1.535069174
1.450076706
1.333336235
1.282712132
1.335605432
1.319471052
1.1553835
1.144333145
1.205578587
1.203535784
1.287384584
1.187461806
1.286366077
1.111080697
1.154947442
1.014737313
1.01794449
1.061309135
0.994777486
0.986473346
0.932914563
0.892058904
0.890791006
0.874470688
0.858407887
0.866590251
0.835801441
0.821861358
0.819841847
0.826888679
0.857234551
0.861047453
0.858122396
0.860983325
0.812499684
0.80744174
0.829010589
0.824504005
0.823629948
0.821295262
0.823608769
1.128383058
1.042538229
1.062508313
1.201426929
1.133680397
1.149963171
1.008875655
1.166309597
1.085077913
1.080074597
1.235429074
1.324896829
1.351305577
1.475887035
1.448438561
1.356393052
1.356862126
1.438604977
1.412483019
1.306295535
1.452850532
1.459244752
1.551682797
1.4348754
1.41625631
1.309588503
1.299048042
1.656293455
1.652468445
1.640502981
1.437406706
1.540291784
1.402710565
1.514132455
1.384229335
1.432803729
1.44493481
1.574101113
1.52391761
1.547023574
1.407750694
1.407009542
1.285222594
1.396909671
1.472457106
1.2780959
1.341870687
1.282458732
1.265883932
1.144067048
1.253681568
1.411603448
1.189514248
1.264821516
1.161453213
1.212415977
1.130839816
1.135396906
1.178371387
1.18444309
1.131381084
1.129845109
1.164497264
1.141834939
1.131243873
1.098550288
1.156588008
1.257321616
1.222938573
1.105393972
1.038914005
1.162152655
1.107258597
0.993870242
0.979028971
0.958091914
0.933388452
0.923797881
0.905928498
0.867145546
0.840327284
0.851892206
0.856359358
0.859259052
0.836984407
0.824401231
0.835810836
0.835919515
0.832416471
0.822855164
0.827188415
0.819518681
0.811163945
0.828158054
0.838288257
0.83018245
0.891996974
0.89040091
0.883022997
1.022220965
0.878805471
1.009563665
0.928364448
0.91052499
1.032411158
0.885300371
0.977740035
0.99835569
1.004686603
1.046786048
1.078536761
1.087646587
1.175463503
1.091804981
1.147916535
1.14714689
1.260613787
1.288355035
1.280721187
1.257580387
1.202503665
1.172303487
1.141251319
1.249937097
1.194037419
1.225575358
1.268131548
1.349277084
1.347777332
1.420132287
1.279234135
1.33500721
1.326549848
1.324380226
1.421852597
1.518127416
1.465300323
1.497124316
1.440230603
1.438725961
1.446152477
1.468471758
1.301802461
1.23409059
1.248164368
1.236160803
1.354239394
1.565756397
1.477149519
1.407858265
1.401250371
1.501114197
1.529679858
1.394427155
1.324005471
1.347971781
1.365118694
1.332465377
1.198488206
1.219498032
1.175066071
1.203079223
1.100869281
1.157843716
1.036149629
1.009527032
0.962775442
1.060774568
1.047269994
1.134153297
0.977069908
0.936264403
0.913607193
0.894580332
1.025547852
0.897365961
0.837119725
0.817500329
0.874085316
0.840694635
0.829670768
0.797885242
0.744907146
0.737864367
0.715975092
0.723322621
0.697982223
0.673139156
0.783753581
0.872062797
1.012647497
1.112921645
1.194385687
1.254494732
1.321289861
1.260188248
1.274709884
1.353803871
0.765088619
1.626290435
1.581404103
1.400311665
1.555406026
1.607763323
1.578095703
1.772357148
1.711602158
1.859616642
1.853851487
1.932535539
1.98721501
1.951028555
2.069954229
1.973050352
1.907454223
1.851888648
1.935146848
2.055267358
2.057029026
1.948475284
2.051666558
2.035995268
1.991001542
1.979760365
2.162178958
2.17053221
2.0334489
2.122785877
2.117296606
1.959385419
1.759925497
1.891367903
1.599717177
1.583576261
1.593344723
1.467974742
1.462466806
1.455008726
1.359438068
1.546021942
1.4673192
1.461828497
1.326717271
1.262063465
1.32660699
1.326467135
1.252039432
1.301233994
1.292470077
1.313499294
1.35590021
1.360431181
1.306464219
1.338288394
1.410872997
1.204926329
1.210090535
1.127261877
1.157416612
1.125366516
1.057760039
0.973122545
0.966117286
1.044850245
1.001042083
0.985759748
0.961611405
0.930879389
0.89249097
0.89630666
0.849812468
0.872051194
0.786210909
0.757812316
0.758839216
0.778472925
0.752477256
0.751365483
0.741897789
0.745537616
0.739719355
0.745489971
0.72824404
0.771454
0.772396506
0.899958594
1.002216784
1.069937187
1.289513755
1.316750548
1.431492629
1.570820832
1.830877384
1.826723342
1.954050161
2.053217087
2.229968287
2.067308819
2.160344545
2.440313142
2.461371926
2.390059797
2.425476429
2.394168668
2.477501777
2.461723823
2.181485148
2.280835461
2.220736748
2.440945474
2.507906206
2.438582665
2.540570223
2.504739487
2.390442539
2.420742484
2.444316258
2.397812465
2.569005471
2.458944368
2.219359629
2.171491765
2.060408529
2.203033339
2.064749394
2.136392755
2.087419487
2.345656871
2.038741716
2.047545168
1.771381265
1.953318794
1.777954874
1.85078181
1.65387151
1.659257739
1.732060723
1.579367806
1.570666648
1.752642281
1.651631516
1.650439955
1.702319106
1.616004303
1.777098161
1.794522426
1.493530045
1.56869529
1.330708419
1.303867423
1.370431277
1.342112671
1.305672448
1.259210723
1.142552402
1.116972717
1.104584336
1.111110501
1.06476407
1.066047607
1.064906664
1.041463684
1.045001462
1.052674874
1.030415013
1.034210634
1.005594753
0.917538591
0.89032049
0.861890523
0.879223589
0.856681072
0.844779149
0.832715246
0.822720432
0.839948649
0.79318108
0.783567654
0.787837903
0.772013721
0.773358094
0.880393003
0.932800739
0.967094003
1.200181319
1.307143165
1.410510026
1.577999935
1.723308419
1.828227623
1.905204784
1.969172932
1.948141352
2.141576
2.173484887
2.391197119
2.32807589
2.279669113
2.270525
2.30831459
2.122975248
2.298097184
2.251888513
2.212727965
2.279546855
2.345219532
2.281485926
2.232624216
2.158990652
2.159373929
2.232269784
2.396770545
2.402008584
2.446243903
2.312937348
2.185247026
2.108034045
2.160353068
2.265021052
2.053946642
1.830001632
1.877137032
1.858457919
1.996049848
1.950608455
1.937379768
1.933210497
1.857410016
1.691315003
1.879463016
1.782687371
1.748907245
1.780299352
1.815269226
1.706189448
1.776925116
1.529319619
1.617057632
1.584919474
1.51418379
1.475426665
1.426766303
1.255770468
1.297268232
1.233551674
1.214873556
1.212943771
1.251153145
1.163714911
1.175075713
1.249116302
1.31141529
1.297612513
1.210084106
1.116142978
1.135480532
1.138382616
1.202005932
1.295868623
1.112292932
1.086050158
1.009201432
1.004022985
1.071490266
0.963153642
0.922905011
0.916999603
0.937949652
0.955347945
0.943779803
0.926983781
0.906258926
0.887084732
0.884984565
0.894844776
0.898013783
0.935802942
1.053547945
1.025591577
1.106213065
1.235560765
1.517552955
1.299446016
1.451480303
1.7347903
1.688228277
2.029037826
1.994022071
2.172884668
2.130235242
2.21498501
2.159092229
2.250351213
2.173941629
2.153858177
2.175293729
2.413512045
2.538531387
2.476035232
2.145938097
2.08488999
2.098853665
2.190331416
2.278882603
2.361864716
2.58333229
2.502710623
2.648189432
2.419556181
2.572189242
2.609354313
2.478015832
2.484456865
2.012188942
2.140170039
2.282381087
2.127207819
2.302996742
2.214610261
2.180620816
2.129224174
2.089245558
1.812678416
1.645119203
1.594153181
1.518741971
1.622343916
1.408825081
1.426047635
1.332341303
1.325085987
1.407134339
1.470167406
1.571824471
1.460724361
1.443876568
1.363105065
1.36643959
1.293127626
1.357687642
1.369917244
1.345373667
1.402542251
1.38366996
1.350341359
1.487847158
1.46804705
1.397022894
1.38352657
1.339868062
1.29848452
1.278298666
1.241323012
1.23687786
1.247535266
1.17443559
1.126255352
1.084794292
1.090116604
1.095583597
1.06537227
1.067493782
1.070251598
1.063788669
1.083477847
1.063157179
1.030310259
1.00232692
1.001842616
1.007015132
1.006880423
1.01701441
0.989759735
0.985398919
1.007403878
1.027951832
1.093682745
1.233299726
1.243426794
1.421844068
1.602037713
1.695411548
1.934754855
1.807401558
1.982919835
1.913812884
1.909833161
1.833858187
1.934038184
2.039367148
2.068381387
2.296901819
2.158852977
2.0842056
2.044580332
1.868140581
2.101779861
2.5380175
2.476244561
2.403417081
2.153673703
2.215838094
2.233120323
2.343934377
2.215019842
2.255797313
2.208775639
2.122186739
2.352715706
2.200430368
2.135809219
1.926424832
1.592119781
1.699417568
1.774501003
2.016180455
1.848052961
1.949995526
1.699330684
1.569314377
1.6432536
1.755643939
1.758098165
1.596776652
1.458665029
1.410628832
1.455574487
1.457171097
1.494320913
1.326464958
1.331067394
1.37352509
1.35596751
1.401803423
1.455626177
1.492349187
1.26650301
1.305767861
1.293383742
1.308639284
1.203488775
1.343559987
1.342351916
1.312745794
1.266310558
1.345424506
1.176053755
1.132793048
1.126886594
1.083465383
1.07483058
1.058817719
1.077371601
1.121154648
1.034187451
1.028787246
0.980019952
0.964032959
0.963488382
0.943977784
0.941775743
0.952463292
0.953193912
0.957137857
0.937411389
0.920562815
0.904857058
0.92360803
0.901160824
0.922864607
0.921527895
0.927436371
0.921868878
0.936399261
0.958999029
1.056332658
1.019282061
1.051910713
1.171772368
1.169211855
1.116239284
1.121861319
1.272691358
1.348710777
1.546429887
1.568982619
1.558868426
1.512397632
1.523010097
1.747175145
1.693030419
1.642770003
1.585137671
1.529750423
1.431513668
1.402211203
1.518192003
1.423900139
1.567472887
1.444914855
1.403282306
1.465741277
1.600498787
1.549884481
1.420803981
1.471602939
1.424191813
1.526998903
1.357816432
1.449043681
1.446734571
1.736962645
1.754922368
1.548746071
1.346567268
1.562016645
1.447656942
1.381209897
1.365893416
1.489960271
1.259124929
1.313837223
1.309210986
1.319265177
1.40730321
1.277365052
1.298120809
1.312567314
1.29763448
1.292192861
1.317607358
1.310053119
1.278434383
1.283587112
1.211001074
1.276286876
1.366305299
1.30228477
1.263524217
1.240409475
1.254279739
1.239416455
1.238447345
1.217968783
1.143994395
1.125477064
1.086119897
1.077895324
1.059209007
1.054564995
1.070365126
1.062422506
1.034520364
1.027077674
1.028448148
0.988374466
0.964671628
1.011621304
0.987126074
0.958642886
0.949890396
0.92383873
0.917804963
0.923306595
0.911386668
0.896391615
0.908910161
0.907111112
0.892032159
0.902385565
0.917278908
0.922384566
0.936270761
0.930315764
0.939263834
0.952307251
0.964952281
1.003133719
0.961951826
0.973195609
0.998135407
1.15488359
1.152016874
1.065556226
1.097988429
1.181252603
1.1351377
1.211707274
1.051512129
1.194256903
1.155691684
1.254249132
1.325886861
1.136707281
1.1805196
1.174549297
1.229153303
1.217227371
1.295440903
1.143776628
1.182924989
1.14087507
1.115167447
1.119096736
1.154836971
1.145613045
1.150405451
1.15041901
1.185883884
1.290779323
1.250345416
1.206742965
1.173399283
1.1833965
1.193902879
1.320624161
1.289350687
1.367230987
1.359587535
1.194643081
1.252250023
1.202978552
1.252608268
1.470684558
1.445299584
1.282147277
1.166366006
1.149435319
1.165206926
1.248943077
1.076636799
1.18029777
1.197042012
1.149728789
1.085869139
1.089365649
1.074522304
1.097807761
1.033269862
1.046227352
0.955102232
0.978352774
0.953433434
0.952540329
0.929219923
0.919971718
0.929159111
0.915373769
0.907251878
0.900744197
0.937320095
0.916445877
0.901480874
0.903435941
0.904208863
0.897410058
0.897406778
0.915612845
0.91460585
0.880115909
0.870623639
0.873418273
1.057120268
1.566714139
1.696198787
1.734525294
1.7146898
1.730377603
1.888050803
2.065165694
2.047748326
2.140235339
2.217558774
1.988724355
1.980972061
2.070363277
2.146389219
2.263739703
2.244196252
2.319980948
2.453724842
2.178086242
2.209306029
2.389544468
2.146093906
2.38041269
2.432446381
2.300797558
2.273016048
2.284997306
2.341539471
2.438450616
2.185570074
2.282151635
2.269559997
2.153954319
2.211129368
2.236076461
2.397492658
2.361606416
2.230622213
2.256245339
2.429942642
2.251413268
2.086221765
2.047269277
2.079803594
1.837957994
1.682985345
1.596379032
1.627508474
1.840220116
1.633987413
1.598127287
1.657540332
1.489640474
1.627396929
1.707023481
1.652135055
1.550204997
1.45295211
1.398740639
1.431998526
1.599086661
1.533322558
1.400998958
1.358383277
1.31658041
1.364535158
1.311241697
1.376213665
1.581884061
1.560194942
1.453306187
1.472349003
1.513796706
1.486537965
1.183941555
1.111158694
1.210884677
1.354530703
1.112021394
1.03590336
1.03825542
1.005768484
1.001874973
0.99391942
1.0285259
0.996083364
0.955761643
0.953138232
0.969488421
0.933395656
0.942701697
0.971883042
0.945170624
0.957288685
1.133635603
1.043950171
1.270184713
1.389682506
1.397963194
1.660840561
1.7427902
1.948828277
2.098883771
2.349246968
2.533169287
2.450235419
2.314933916
2.302822252
2.243050771
2.33797369
2.443873123
2.674707913
2.614614471
2.602675306
2.466342594
2.541301052
2.505160858
2.449653152
2.382312584
2.591904839
2.716183374
2.723155513
2.612830671
2.358349713
2.67327221
2.45163939
2.367162429
2.376613997
2.487202397
2.303699097
2.452608194
2.322487768
2.26042369
2.294469913
2.2512881
2.377192281
2.299393223
2.299222539
2.096207165
2.036275871
1.865590029
1.659835113
1.586276268
1.663294965
1.694096823
1.786769223
1.659252848
1.566879206
1.677251206
1.505709742
1.611549516
1.564439852
1.59877721
1.538035465
1.720619303
1.949474394
1.677478477
1.685651065
1.792987668
1.589276477
1.825582577
1.632965097
1.424556242
1.372364066
1.331755531
1.292197677
1.541196745
1.310206315
1.303848199
1.309096748
1.269359008
1.245337936
1.204156708
1.180771589
1.193440798
1.187999498
1.170256319
1.14053704
1.160238378
1.142412153
1.097522884
1.084271962
1.097630473
1.09175215
1.079555681
1.078365618
1.078109999
1.059254811
1.038977769
1.087515663
1.127932481
1.069245545
1.190007635
1.300014674
1.33118421
1.441697155
1.670892719
1.510230552
1.46525569
1.594105294
1.768861371
1.936688848
1.920844874
2.017335555
2.246986052
2.322554168
2.317073426
2.486813674
2.497626955
2.360349913
2.172405977
2.007799819
2.102936048
2.179067006
2.315979997
2.230354477
2.116731752
2.247528045
2.260102081
2.390531416
2.191085823
2.254895074
2.361674971
2.547556874
2.557601048
2.597437094
2.436221126
2.195059926
2.190998026
2.172577745
2.322058058
2.264610742
2.207573016
2.221670729
2.024356674
1.888592613
1.801341458
1.732029532
1.738958671
1.649099471
1.562342426
1.463204526
1.426242084
1.383461506
1.374032296
1.423557681
1.579399545
1.582733713
1.621231265
1.946685684
1.766908148
1.596468458
1.438274481
1.416409771
1.470003074
1.367472156
1.322983757
1.289857859
1.271744526
1.263077133
1.238353648
1.175397192
1.265867375
1.331848347
1.260912439
1.257302169
1.189682945
1.162023662
1.149013586
1.101531364
1.086077782
1.110630416
1.108963265
1.091413825
1.08473751
1.087266066
1.081055592
1.063560533
1.044184375
1.043984918
1.048706049
1.0608882
1.030257377
1.036362605
1.023192564
1.027857626
1.029150512
1.040681202
1.137397842
1.247541648
1.490837119
1.737374761
1.951512674
1.981915655
2.107785906
2.2804257
2.442210132
2.483578923
2.472180848
2.443936784
2.463061961
2.673116942
2.613355071
2.698835848
2.770591481
2.538445052
2.403290297
2.635170803
2.562994894
2.50221941
2.311075726
2.627795981
2.678500271
2.551481084
2.619191881
2.663874871
2.679546529
2.560815661
2.6011937
2.340820806
2.353137626
2.402068435
2.280184081
2.232935129
2.274397706
2.340050074
2.378782348
2.161042355
2.229416132
2.214014939
2.202098623
2.176101455
2.129232335
1.845004497
1.783773355
1.851290058
1.811333574
1.831175784
1.828579345
1.915744697
1.651913577
1.44471061
1.558746526
1.608647242
1.505324642
1.556345816
1.485225777
1.466436016
1.453690013
1.465316826
1.577385561
1.654632452
1.55645719
1.492390906
1.406395706
1.381361174
1.430170688
1.381603344
1.401591579
1.328988167
1.336583687
1.259052194
1.239222871
1.208643742
1.164086645
1.134156816
1.182269403
1.131412579
1.136131576
1.101427794
1.112721937
1.096853509
1.089200504
1.090705276
1.069292163
1.092359893
1.053532765
1.063779589
1.082762727
1.066583375
1.05613011
1.02569045
1.05048196
1.163291971
1.370654019
1.516923706
1.8183672
1.912431226
2.067775732
1.993358535
1.845810774
2.068552994
1.955933913
1.981049881
2.184314852
2.254012958
2.217575458
2.132300023
2.25657839
2.383303884
2.619401013
2.677144368
2.942853255
2.778210816
2.541108048
2.4769284
2.667311697
2.4379342
2.419254894
2.38983741
2.339587158
2.434106832
2.628287016
3.105139777
2.758429745
2.565582439
2.579838697
2.258961316
2.141313161
2.135158023
2.159114168
2.218641323
2.024150777
2.079018174
1.912121232
1.783153903
1.653433274
1.851976629
1.928588826
1.775513894
1.639762542
1.479856235
1.44079981
1.512991865
1.383092742
1.323510635
1.423263391
1.397112655
1.324775731
1.298823104
1.378222574
1.360215503
1.376116859
1.352304498
1.32316207
1.355983335
1.403549364
1.440780005
1.367520339
1.370315068
1.434516791
1.572258984
1.471445316
1.387579625
1.351394488
1.308079226
1.311531675
1.303689205
1.272066602
1.247308338
1.221140063
1.227929614
1.147397055
1.127118841
1.090773116
1.072871729
1.074776375
1.070996017
1.075413487
1.09694287
1.069407894
1.066458142
1.063379727
1.018601666
1.024961962
1.017903837
0.996350836
0.991409737
0.986512029
0.995645474
1.009124764
1.026864641
1.054217696
1.041840913
1.038216281
1.069691035
1.071135155
1.091706192
1.222130016
1.429093552
1.146670101
1.636570597
1.55514011
1.357262281
1.464293777
1.445392635
1.432728997
1.498828668
1.488688532
1.2656931
1.229727972
1.271308699
1.422320587
1.273451789
1.25295766
1.284586401
1.323671665
1.268748735
1.263817968
1.276612373
1.310472371
1.345286086
1.450931597
1.489949571
1.544210381
1.611129039
1.661587348
1.570182519
1.61466291
1.447569506
1.335177871
1.38708861
1.494462219
1.447723703
1.410843239
1.537020032
1.376780513
1.323629087
1.462275626
1.167436098
1.228074745
1.185504657
1.191376478
1.212480447
1.223759515
1.202904614
1.253429966
1.271813234
1.17995066
1.167843025
1.219956091
1.191032425
1.161526988
1.245211677
1.217913942
1.151027029
1.149485929
1.175806462
1.17959386
1.102913916
1.078061629
1.054359962
1.02413118
1.002062259
0.969018352
0.970923854
0.957683979
0.957421731
0.950606032
0.946443396
0.947882026
0.932618529
0.928816345
0.952235485
0.940694006
0.950207025
0.917094119
0.935487694
0.939350594
0.925249046
0.919362839
0.896340376
0.918047144
0.907384547
0.895972119
0.930315319
0.915500535
0.914625448
0.908931516
0.903115646
0.919849286
0.952065538
0.956493657
0.975073417
0.995208159
1.006712387
1.035181726
1.095629074
1.043977384
1.062915529
1.061460951
1.031831747
1.06547106
1.093372184
1.077085606
1.102584072
1.151623115
1.205166329
1.281757655
1.272428155
1.147964405
1.153484195
1.250722161
1.273984313
1.176227915
1.260364919
1.146542539
1.313293774
1.160772087
1.163113787
1.131719745
1.143074124
1.147935082
1.158547305
1.185109165
1.234073894
1.236202152
1.158361543
1.167640461
1.200762215
1.191104716
1.215143432
1.176498165
1.142013204
1.229118474
1.145424731
1.283178306
1.309434497
1.169160231
1.20390976
1.205003786
1.202376169
1.257822897
1.293838845
1.287769132
1.219951871
1.206265535
1.172946469
1.204186439
1.245675874
1.206036228
1.151496068
1.170499038
1.155872184
1.274215945
1.293857165
1.271958713
1.212019994
1.340052974
1.111754573
1.063250664
1.041253227
1.077818862
1.013952875
1.024855369
1.001412342
0.984264195
0.956136823
0.947841844
0.944892678
0.917646403
0.893890989
0.895148249
0.901278172
0.921299936
0.909106221
0.903457883
0.88665543
0.883648884
0.888133504
0.899866381
0.921846422
1.017528368
1.053741855
1.207356426
1.465211445
1.546242871
1.594247139
1.883756
1.774263381
1.745035813
1.798737235
1.811010339
1.988360306
2.221306319
2.104640042
2.391388306
2.430940842
2.196568003
2.238816184
2.151473429
2.021478719
2.253619887
2.16051451
2.311467348
2.538834684
2.453635965
2.363390945
2.451060206
2.244916735
2.269554194
2.365340903
2.447367445
2.487214913
2.398167984
2.236047794
2.182063603
2.082228074
1.995387581
2.030420939
2.137010565
2.233473313
2.260594555
1.905352623
1.740472929
1.51747731
1.486891316
1.303319987
1.368594142
1.444926645
1.444734006
1.345100177
1.28602651
1.372716255
1.454404339
1.278087742
1.374528177
1.37700399
1.452738435
1.524132735
1.527152352
1.391101713
1.304026145
1.415570835
1.239232477
1.301901687
1.294379213
1.267442155
1.227005628
1.158389877
1.136057573
1.125948426
1.116289894
1.15815467
1.129706112
1.107213442
1.065862853
1.073486863
1.078456945
1.032369834
1.010546209
0.976342615
0.960507211
0.964807895
0.971664279
0.960177895
0.94564572
0.957421485
0.911768185
0.924646774
0.917327478
0.916552295
0.921930944
0.920884023
0.92727794
0.929497787
0.932033747
0.920967692
1.156704029
1.35265621
1.461742155
0.934038731
1.416103035
1.499200513
1.531842223
1.653344206
1.7596799
1.994636803
1.776362071
1.926142406
2.189693642
2.233687713
2.282442948
2.271034165
2.195829561
2.078519165
2.136077481
2.295417319
2.270554565
2.792644477
2.324420129
2.550901719
2.553860574
2.657802626
2.569007819
2.614655652
2.603469432
2.59025291
2.704405103
2.722833903
2.848221106
2.726426174
2.349094419
2.335157771
2.338760919
2.44333929
2.159055765
2.248903906
2.283268645
2.260757803
2.23495001
2.16837401
2.024905006
1.999488661
2.094575729
1.441535109
1.421381213
1.554749942
1.550692581
1.485773219
1.737418477
1.473621281
1.459019829
1.43450481
1.655806229
1.52581151
1.608769135
1.677753471
1.519260206
1.450805165
1.453180671
1.474112665
1.389189832
1.407887396
1.409654909
1.405197327
1.371682964
1.380610229
1.442707191
1.375319851
1.315209855
1.334342216
1.305352069
1.290002233
1.291040344
1.282184915
1.260916235
1.233170556
1.21943854
1.215340359
1.185324236
1.157764917
1.158389764
1.139603975
1.139404506
1.131946155
1.138979187
1.122854742
1.128404815
1.12350146
1.116032471
1.103315466
1.108813982
1.080346223
1.090978419
1.101662868
1.175702039
1.405565477
1.57874981
1.460247671
1.607729768
1.80593809
1.927112494
1.825880252
1.977287468
2.100871455
2.289207926
2.271032
2.474023603
2.656908365
2.454051345
2.438801797
2.633431081
2.339428977
2.210579384
2.342074394
2.293233194
2.300007239
2.348535729
2.348922277
2.645805413
2.497172203
2.48280711
2.558959116
2.422640745
2.276524513
2.321448587
2.297551748
2.368479329
2.494154577
2.358756577
2.186933055
2.21574849
2.107767587
2.310394603
2.114337032
2.020300394
2.131734981
2.028139761
1.908855642
1.866835106
1.90381261
1.791768535
1.930300616
1.803175142
1.795000387
2.053878632
1.846458529
1.596440161
1.934623897
1.906256671
1.853279561
1.744991374
1.518070823
1.59409369
1.51462911
1.535861494
1.453948132
1.515484739
1.469719662
1.445131579
1.440967899
1.415787959
1.352665092
1.360578261
1.387535274
1.322437061
1.410422021
1.376986815
1.358158712
1.251120114
1.230664129
1.230155611
1.198917185
1.175438253
1.167060134
1.158029871
1.147740745
1.151275337
1.182054881
1.168147283
1.172776604
1.147588346
1.147815591
1.117515642
1.106239738
1.116599518
1.099803061
1.102445252
1.109652319
1.110345152
1.335651871
1.435746071
1.455626723
1.920323197
1.827110439
1.854290452
2.02491299
2.019373126
